# exported by kmdlswap
# KOTOR coordinates, written verbatim: no axis or UV flip is applied.
o torso
v 0.000144232006 -0.0753427967 -0.369554013
v -0.0727905035 -0.0718467981 -0.400723994
v 0.000151843007 -0.0774151981 -0.403456002
v -0.0765248984 -0.0630958974 -0.375600994
v 0.000144232006 -0.0753427967 -0.369554013
v -0.0795643032 -0.0680479035 -0.373284996
v -0.115350001 -0.00407083984 -0.364883006
v -0.120529003 -0.00530009996 -0.363462001
v -0.0764409006 -0.0805431008 -0.450978011
v -0.0898037031 -0.0954487026 -0.495106995
v 0.000167025006 -0.0873986036 -0.454144001
v 0.000167028003 -0.0992515981 -0.495189011
v -0.111607999 -0.00180126994 -0.39666599
v -0.124183998 0.00279425993 -0.458857
v -0.121233001 -0.0574667007 -0.498304009
v -0.131530002 0.00703164004 -0.500756979
v 0.000167036997 -0.115220003 -0.667742014
v -0.0823109969 -0.103414997 -0.663976014
v 0.000167040998 -0.0988131016 -0.713445008
v -0.0495266989 -0.0724366009 -0.714006007
v 0.000167040998 -0.0988131016 -0.713445008
v -0.0823109969 -0.103414997 -0.663976014
v 0.000167031001 -0.124785997 -0.582663
v -0.0605016984 -0.128102005 -0.580385983
v -0.0495266989 -0.0724366009 -0.714006007
v -0.0823109969 -0.103414997 -0.663976014
v -0.0919108018 -0.0266226009 -0.705933988
v -0.145411998 0.00634574005 -0.525061011
v -0.147524998 -0.0589543991 -0.531530976
v -0.175344005 -0.0974327996 -0.577355027
v -0.147524998 -0.0589543991 -0.531530976
v -0.155662999 -0.0600735992 -0.535049975
v -0.0754830986 -0.0253455993 -0.713667989
v -0.193440005 -0.0269501992 -0.672989011
v -0.207889006 -0.0270933993 -0.625151992
v -0.181978002 0.0125291003 -0.661547005
v -0.188832 -0.0673426986 -0.658321977
v -0.160393 0.0311984997 -0.597923994
v -0.184838995 0.0257316995 -0.587684989
v -0.159753993 0.0299236998 -0.583523989
v -0.197403997 0.0150992004 -0.613008022
v -0.202528998 -0.0701455027 -0.613915026
v -0.176092997 -0.0801097974 -0.642048001
v -0.175344005 -0.0974327996 -0.577355027
v -0.178275004 -0.0947841033 -0.56369102
v -0.128046006 -0.0757246986 -0.529314995
v -0.148579001 -0.0263697002 -0.69729501
v -0.107501999 -0.0990033001 -0.664005995
v -0.108875997 -0.0264152996 -0.698907018
v -0.138554007 -0.110769004 -0.57476598
v -0.159541994 -0.101288997 -0.57812202
v -0.176092997 -0.0801097974 -0.642048001
v -0.175344005 -0.0974327996 -0.577355027
v -0.147524998 -0.0589543991 -0.531530976
v -0.145411998 0.00634574005 -0.525061011
v -0.152394995 0.00624608994 -0.528887987
v -0.159541994 -0.101288997 -0.57812202
v -0.175344005 -0.0974327996 -0.577355027
v -0.223038003 -0.0299705993 -0.598644018
v -0.212110996 0.00341924001 -0.584613025
v -0.217544004 -0.0596311018 -0.58812499
v -0.156537995 0.00537631009 -0.526896
v -0.193552002 0.0260300003 -0.561586022
v -0.190249994 -0.0938315988 -0.558408022
v -0.15918 -0.0608327985 -0.533152997
v -0.156537995 0.00537631009 -0.526896
v -0.159685001 0.00482186023 -0.523281991
v 0.000167040998 -0.0988131016 -0.713445008
v -0.0466236994 -0.0568445995 -0.742192984
v 0.000167043996 -0.0803581029 -0.744695008
v -0.0495266989 -0.0724366009 -0.714006007
v -0.0683275014 -0.0248914007 -0.737142026
v -0.0754830986 -0.0253455993 -0.713667989
v -0.152394995 0.00624608994 -0.528887987
v -0.144454002 -0.0743919015 -0.681668997
v -0.112971 -0.121615998 -0.577103019
v -0.134260997 -0.0943171978 -0.664038002
v -0.138554007 -0.110769004 -0.57476598
v -0.128046006 -0.0757246986 -0.529314995
v -0.112971 -0.121615998 -0.577103019
v -0.112971 -0.121615998 -0.577103019
v -0.0606607012 0.0793827996 -0.338039994
v 0.000160957003 0.0837721974 -0.379204005
v -0.0534235984 0.0725753978 -0.385535002
v -0.0558413006 0.0797893032 -0.337592989
v -0.0936760977 0.0561536998 -0.352293015
v -0.0606607012 0.0793827996 -0.338039994
v -0.0881970972 0.0511619002 -0.354057014
v -0.0534235984 0.0725753978 -0.385535002
v -0.0797408 0.0456031002 -0.387248993
v -0.0606607012 0.0793827996 -0.338039994
v -0.120529003 -0.00530009996 -0.363462001
v -0.115350001 -0.00407083984 -0.364883006
v 0.000167046994 0.103735 -0.48754999
v -0.055618301 0.080320403 -0.454732001
v 0.000167039005 0.0967622027 -0.452351004
v -0.055618301 0.080320403 -0.454732001
v -0.0697422028 0.0879110992 -0.483321011
v -0.111521997 0.0563878007 -0.485459
v -0.0901193023 0.0477580987 -0.448799014
v -0.131530002 0.00703164004 -0.500756979
v -0.124183998 0.00279425993 -0.458857
v 0.000167052 0.100105003 -0.59098202
v 0.000167053004 0.0803268999 -0.624538004
v -0.0240006 0.100887999 -0.593187988
v -0.0355229005 0.0773364007 -0.619081974
v 0.000167049002 0.111527003 -0.510290027
v -0.0342680998 0.110284999 -0.514869988
v -0.0697422028 0.0879110992 -0.483321011
v 0.000167053004 0.0619724989 -0.654087007
v -0.0624745004 0.0253237002 -0.67792201
v -0.0989964008 0.0473654009 -0.644272029
v -0.0355229005 0.0773364007 -0.619081974
v -0.089112401 0.0286311992 -0.672834992
v -0.0754830986 -0.0253455993 -0.713667989
v -0.0919108018 -0.0266226009 -0.705933988
v -0.128223002 0.0734390989 -0.518944979
v -0.130371004 0.0785771981 -0.571530998
v -0.139614999 0.0571703985 -0.550679982
v 0.000167053004 0.0424863994 -0.681279004
v -0.0475061983 0.0290203001 -0.69700402
v -0.0754830986 -0.0253455993 -0.713667989
v -0.0624745004 0.0253237002 -0.67792201
v -0.142664999 0.0443467014 -0.581369996
v -0.130371004 0.0785771981 -0.571530998
v -0.133414 0.0483018011 -0.605789006
v -0.139614999 0.0571703985 -0.550679982
v -0.146721005 0.0364146009 -0.566443026
v -0.140182003 0.0389840007 -0.53114599
v -0.140182003 0.0389840007 -0.53114599
v -0.145411998 0.00634574005 -0.525061011
v -0.138160005 0.0141126998 -0.683860004
v -0.110813998 0.0270454995 -0.669925988
v -0.108875997 -0.0264152996 -0.698907018
v -0.130973995 0.0252359007 -0.666606009
v -0.133414 0.0483018011 -0.605789006
v -0.142664999 0.0443467014 -0.581369996
v -0.145411998 0.00634574005 -0.525061011
v -0.152394995 0.00624608994 -0.528887987
v -0.146721005 0.0364146009 -0.566443026
v -0.0404335 0.0232956 -0.718846023
v -0.0683275014 -0.0248914007 -0.737142026
v 0.000167053004 0.0368188992 -0.702961981
v -0.0998618007 0.107601002 -0.555419981
v -0.112972997 0.0936734006 -0.526289999
v -0.0145129003 0.112678997 -0.556603014
v -0.0479212999 0.117069997 -0.545351982
v -0.116929002 0.063178502 -0.612866998
v -0.0815408975 0.103978001 -0.499348998
v -0.107421003 0.0856698006 -0.495618999
v -0.108875997 -0.0264152996 -0.698907018
v -0.116929002 0.063178502 -0.612866998
v -0.112764999 0.0423455983 -0.642539024
v -0.0925291032 -0.101434 -0.29132399
v -0.0860636011 -0.0871084034 -0.321525007
v -0.0145407002 -0.105777003 -0.287551999
v 0.000150103006 -0.0942450017 -0.313174993
v -0.0555932 -0.108552001 -0.128962994
v -0.123108998 -0.122509003 -0.168980002
v -0.0239461996 -0.131979004 -0.156964004
v -0.0318555012 -0.0841879025 -0.127774
v -0.0188790001 -0.135019004 -0.211475998
v -0.103678003 -0.119491003 -0.248404995
v -0.0239461996 -0.131979004 -0.156964004
v -0.0188790001 -0.135019004 -0.211475998
v 0.000167001999 -0.125018999 -0.149767995
v 0.000150103006 -0.0942450017 -0.313174993
v 0.000167010003 -0.115960002 -0.246391997
v -0.0145407002 -0.105777003 -0.287551999
v 0.000167001999 -0.125018999 -0.149767995
v 0.000167007005 -0.0730355978 -0.141524002
v -0.0177708007 -0.0388322994 -0.131105006
v 0.000167014005 0.00530852983 -0.104013003
v -0.00556770014 0.00384133006 -0.0989798978
v 0.000167022998 0.0653998032 -0.129558995
v 0.000167029997 0.0816892013 -0.190246001
v -0.0542213991 0.0803665966 -0.193637997
v -0.0198478997 0.0688870028 -0.131908
v -0.0633461028 0.0834382996 -0.259824991
v -0.107165001 0.064235501 -0.267785013
v -0.124248996 0.0778077021 -0.212253004
v -0.0672326013 0.0721181035 -0.194909006
v -0.124248996 0.0778077021 -0.212253004
v -0.107165001 0.064235501 -0.267785013
v -0.131694004 -0.00140227994 -0.299228013
v -0.157897994 -0.000678085024 -0.258257985
v -0.147420004 0.0841332003 -0.145658001
v -0.0507695004 0.0697261989 -0.117999002
v -0.124248996 0.0778077021 -0.212253004
v -0.175794005 -0.00271898997 -0.195994005
v -0.147420004 0.0841332003 -0.145658001
v -0.157897994 -0.000678085024 -0.258257985
v -0.0292475 0.0685527027 -0.132874995
v -0.0925291032 -0.101434 -0.29132399
v -0.136491999 -0.0553084016 -0.279098988
v -0.114293002 -0.0452895984 -0.320084989
v -0.144830003 -0.0576255992 -0.234150007
v -0.103678003 -0.119491003 -0.248404995
v -0.111918002 -0.126981005 -0.213672996
v -0.144830003 -0.0576255992 -0.234150007
v -0.136594996 -0.104709998 -0.124146
v -0.00556770014 0.00384133006 -0.0989798978
v -0.0753481984 -0.108747996 -0.0584592
v -0.0686675012 -0.103081003 -0.122452997
v -0.0103924004 0.00362429 -0.0812556967
v -0.0628419966 0.0712035969 -0.0602922998
v -0.188935995 -0.00265381997 -0.0923411995
v -0.176074997 -0.0584417991 -0.0896632001
v -0.181891993 -0.00574378017 0.058812499
v -0.143448994 -0.103477001 -0.0714358017
v -0.0960744023 -0.0911343023 0.102266997
v -0.155441001 -0.0894849002 0.0817407966
v -0.0527441986 -0.0131339999 0.0841732025
v -0.0191670991 -7.84488002e-05 -0.0567409992
v -0.0904619992 0.0566031002 0.0816553012
v -0.0103924004 0.00362429 -0.0812556967
v -0.165960997 -0.0620953999 -0.169991001
v -0.157897994 -0.000678085024 -0.258257985
v -0.0860636011 -0.0871084034 -0.321525007
v -0.0492107011 0.0824700966 -0.300060987
v -0.0633461028 0.0834382996 -0.259824991
v 0.000167036997 0.094985202 -0.254312009
v 0.000150103006 -0.0942450017 -0.313174993
v -0.0568339005 -0.0766282976 -0.343674988
v 0.000152028995 -0.084895201 -0.341473013
v -0.124834001 -0.00274094008 -0.334407002
v -0.0853466988 -0.0743476003 -0.344283015
v -0.141533002 0.0828650966 -0.0733198971
v -0.124248996 0.0778077021 -0.212253004
v -0.144830003 -0.0576255992 -0.234150007
v -0.175794005 -0.00271898997 -0.195994005
v -0.0599571988 0.0796784014 -0.310018003
v -0.0985227972 0.0620100014 -0.321606994
v 0.000167014005 0.00530852983 -0.104013003
v -0.185911 -0.0556290001 0.0649181008
v -0.123108998 -0.122509003 -0.168980002
v -0.165960997 -0.0620953999 -0.169991001
v -0.165960997 -0.0620953999 -0.169991001
v -0.165960997 -0.0620953999 -0.169991001
v -0.175794005 -0.00271898997 -0.195994005
v 0.000167007005 -0.0730355978 -0.141524002
v -0.0318555012 -0.0841879025 -0.127774
v -0.0568339005 -0.0766282976 -0.343674988
v -0.0191670991 -7.84488002e-05 -0.0567409992
v -0.0527441986 -0.0131339999 0.0841732025
v -0.0177708007 -0.0388322994 -0.131105006
v -0.111918002 -0.126981005 -0.213672996
v -0.0175625999 -0.122966997 -0.251581013
v -0.0175625999 -0.122966997 -0.251581013
v -0.0145407002 -0.105777003 -0.287551999
v 0.000167010003 -0.115960002 -0.246391997
v -0.149244994 0.0631754026 0.0733453035
v -0.188935995 -0.00265381997 -0.0923411995
v -0.181891993 -0.00574378017 0.058812499
v 0.000167010003 -0.115960002 -0.246391997
v 0.000167006001 -0.124568 -0.211142004
v -0.0175625999 -0.122966997 -0.251581013
v -0.0103924004 0.00362429 -0.0812556967
v -0.207889006 -0.0270933993 -0.625151992
v -0.152394995 0.00624608994 -0.528887987
v -0.112971 -0.121615998 -0.577103019
v -0.15918 -0.0608327985 -0.533152997
v -0.159685001 0.00482186023 -0.523281991
v -0.160648003 -0.0601416007 -0.529752016
v -0.112971 -0.121615998 -0.577103019
v -0.156537995 0.00537631009 -0.526896
v -0.193552002 0.0260300003 -0.561586022
v -0.116929002 0.063178502 -0.612866998
v -0.0998618007 0.107601002 -0.555419981
v -0.0646701008 0.114252001 -0.570245028
v 0.000167050996 0.112444997 -0.555594981
v 0.000167052 0.100105003 -0.59098202
v -0.0240006 0.100887999 -0.593187988
v 0.000167047998 -0.0735516027 -0.782193005
v -0.0439767987 -0.0479361005 -0.779833019
v -0.0618341006 -0.0142035 -0.773669004
v -0.0618341006 -0.0142035 -0.773669004
v -0.0381370001 0.0276964996 -0.751330972
v 0.000167056001 0.0404542983 -0.733322978
v 0.000167053993 -0.0621026009 -0.781020999
v 0.000167047998 -0.0735516027 -0.782193005
v -0.0342394002 -0.0431721993 -0.779833019
v -0.0439767987 -0.0479361005 -0.779833019
v -0.0342394002 -0.0431721993 -0.779833019
v 0.000167047998 -0.0735516027 -0.782193005
v -0.0342394002 -0.0431721993 -0.779833019
v -0.0439767987 -0.0479361005 -0.779833019
v -0.0469175018 -0.0138395 -0.775067985
v -0.0618341006 -0.0142035 -0.773669004
v -0.0469175018 -0.0138395 -0.775067985
v -0.0439767987 -0.0479361005 -0.779833019
v -0.0469175018 -0.0138395 -0.775067985
v -0.0283995997 0.0221309997 -0.754373014
v 0.000167054997 0.0298807006 -0.738563001
v -0.0568339005 -0.0766282976 -0.343674988
v -0.0795643032 -0.0680479035 -0.373284996
v 0.000144232006 -0.0753427967 -0.369554013
v 0.000152028995 -0.084895201 -0.341473013
v -0.0853466988 -0.0743476003 -0.344283015
v -0.120529003 -0.00530009996 -0.363462001
v -0.124834001 -0.00274094008 -0.334407002
v -0.0599571988 0.0796784014 -0.310018003
v -0.0558413006 0.0797893032 -0.337592989
v -0.0606607012 0.0793827996 -0.338039994
v -0.0985227972 0.0620100014 -0.321606994
v -0.0936760977 0.0561536998 -0.352293015
v -0.124834001 -0.00274094008 -0.334407002
v -0.120529003 -0.00530009996 -0.363462001
v 0.000144232006 -0.0753427967 -0.369554013
v -0.0765248984 -0.0630958974 -0.375600994
v -0.111607999 -0.00180126994 -0.39666599
v -0.176092997 -0.0801097974 -0.642048001
v -0.134260997 -0.0943171978 -0.664038002
v -0.144454002 -0.0743919015 -0.681668997
v -0.108875997 -0.0264152996 -0.698907018
v -0.108875997 -0.0264152996 -0.698907018
v -0.130973995 0.0252359007 -0.666606009
v -0.17001 0.0244247001 -0.645841002
v -0.127185002 0.0386912003 -0.64131099
v -0.17001 0.0244247001 -0.645841002
v -0.112764999 0.0423455983 -0.642539024
v -0.0989964008 0.0473654009 -0.644272029
v -0.110813998 0.0270454995 -0.669925988
v -0.116929002 0.063178502 -0.612866998
v -0.116929002 0.063178502 -0.612866998
v 0.000167029997 0.0816892013 -0.190246001
v 0.000167036997 0.094985202 -0.254312009
v -0.0633461028 0.0834382996 -0.259824991
v -0.0985227972 0.0620100014 -0.321606994
v -0.176092997 -0.0801097974 -0.642048001
v -0.0936274976 0.111777 -0.53194797
v -0.0815408975 0.103978001 -0.499348998
v -0.089112401 0.0286311992 -0.672834992
v -0.0754830986 -0.0253455993 -0.713667989
v -0.212110996 0.00341924001 -0.584613025
v -0.223038003 -0.0299705993 -0.598644018
v -0.218395993 -0.0301808994 -0.594847977
v -0.217544004 -0.0596311018 -0.58812499
v -0.0936274976 0.111777 -0.53194797
v -0.0881970972 0.0511619002 -0.354057014
v -0.115350001 -0.00407083984 -0.364883006
v -0.115350001 -0.00407083984 -0.364883006
v -0.175794005 -0.00271898997 -0.195994005
v -0.167505994 0.0566285998 -0.0738447979
v -0.147420004 0.0841332003 -0.145658001
v -0.198602006 0.00525709009 -0.0879198015
v -0.196749002 -0.0516021997 -0.0802840963
v 0.000167039994 0.0993594974 -0.290524989
v -0.0524272993 0.0841965005 -0.336297005
v -0.0473058 0.0844921991 -0.300799996
v 0.000167353995 0.0994924009 -0.345429987
v -0.0473058 0.0844921991 -0.300799996
v -0.0508207008 0.081819199 -0.309175014
v -0.0492107011 0.0824700966 -0.300060987
v -0.0558413006 0.0797893032 -0.337592989
v -0.0524272993 0.0841965005 -0.336297005
v -0.0853466988 -0.0743476003 -0.344283015
v 0.0722415 -0.0718467981 -0.400581986
v 0.0768122971 -0.0680479035 -0.373284996
v 0.075000003 -0.0765539035 -0.396885008
v 0.118593998 -0.00244932994 -0.393424004
v 0.115079999 -0.00530011998 -0.363462001
v 0.0901376978 -0.0954487026 -0.495106995
v 0.0763678029 -0.0805431008 -0.450832993
v 0.123654 0.00279422989 -0.458875
v 0.112317003 -0.00180128997 -0.39666599
v 0.131837994 0.00703162001 -0.500756979
v 0.121565998 -0.0574667007 -0.498304009
v 0.082644999 -0.103414997 -0.663976014
v 0.082644999 -0.103414997 -0.663976014
v 0.0498608015 -0.0724366009 -0.714006007
v 0.0608358011 -0.128102005 -0.580385983
v 0.0922449008 -0.0266226996 -0.705933988
v 0.082644999 -0.103414997 -0.663976014
v 0.0498608015 -0.0724366009 -0.714006007
v 0.147530004 -0.0589543991 -0.531530976
v 0.145745993 0.00634572003 -0.525061011
v 0.155996993 -0.0600735992 -0.535049021
v 0.147530004 -0.0589543991 -0.531530976
v 0.175678 -0.0974328965 -0.577354014
v 0.0758171976 -0.0253456999 -0.713667989
v 0.182311997 0.0125291003 -0.661545992
v 0.207893997 -0.0270933993 -0.625151992
v 0.193774 -0.0269501992 -0.672987998
v 0.189165995 -0.0673428029 -0.658321023
v 0.160088003 0.0299236998 -0.583523989
v 0.178445995 0.0257316995 -0.579174995
v 0.160726994 0.0311984997 -0.597923994
v 0.197409004 0.0150992004 -0.613007009
v 0.175678 -0.0974328965 -0.577354014
v 0.176427007 -0.0801099017 -0.642048001
v 0.202533007 -0.0701455027 -0.613915026
v 0.178278998 -0.0947841033 -0.56369102
v 0.159513995 -0.0608327985 -0.533151984
v 0.178278998 -0.0947841033 -0.56369102
v 0.128050998 -0.0757246986 -0.529314995
v 0.148912996 -0.0263697002 -0.69729501
v 0.109209999 -0.0264152996 -0.698906004
v 0.107836001 -0.0990033001 -0.664005995
v 0.176427007 -0.0801099017 -0.642048001
v 0.159876004 -0.101288997 -0.57812202
v 0.138888001 -0.110769004 -0.574765027
v 0.175678 -0.0974328965 -0.577354014
v 0.152729005 0.00624606991 -0.528887987
v 0.145745993 0.00634572003 -0.525061011
v 0.147530004 -0.0589543991 -0.531530976
v 0.175678 -0.0974328965 -0.577354014
v 0.159876004 -0.101288997 -0.57812202
v 0.212115005 0.00341920997 -0.584612012
v 0.223041996 -0.0299705993 -0.598643005
v 0.217547998 -0.0596311018 -0.58812499
v 0.193556994 0.0260300003 -0.561586022
v 0.156872004 0.00537633989 -0.526894987
v 0.190254003 -0.0938315988 -0.558407009
v 0.159687996 0.00482182996 -0.523281991
v 0.156872004 0.00537633989 -0.526894987
v 0.0469577983 -0.0568445995 -0.742192984
v 0.0498608015 -0.0724366009 -0.714006007
v 0.0686616004 -0.0248914007 -0.737142026
v 0.0758171976 -0.0253456999 -0.713667989
v 0.152729005 0.00624606991 -0.528887987
v 0.144787997 -0.0743919015 -0.681668997
v 0.113305002 -0.121615998 -0.577103019
v 0.134595007 -0.0943171978 -0.664038002
v 0.128050998 -0.0757246986 -0.529314995
v 0.138888001 -0.110769004 -0.574765027
v 0.113305002 -0.121615998 -0.577103019
v 0.113305002 -0.121615998 -0.577103019
v 0.0530364998 0.0725753978 -0.385535002
v 0.0605764985 0.0793827996 -0.338039994
v 0.000167249993 0.0845142975 -0.340288997
v 0.0561504997 0.0797587037 -0.337626994
v 0.085656099 0.0509574004 -0.384813994
v 0.0605764985 0.0793827996 -0.338039994
v 0.0938464999 0.0561535992 -0.352293015
v 0.0605764985 0.0793827996 -0.338039994
v 0.0792832971 0.0456029996 -0.387248993
v 0.0530364998 0.0725753978 -0.385535002
v 0.118593998 -0.00244932994 -0.393424004
v 0.115079999 -0.00530011998 -0.363462001
v 0.0554494001 0.0803385004 -0.454732001
v 0.111817002 0.0563892983 -0.485459
v 0.0700689033 0.0879120976 -0.483321011
v 0.0554494001 0.0803385004 -0.454732001
v 0.0888231024 0.0477580987 -0.448810011
v 0.131837994 0.00703162001 -0.500756979
v 0.123654 0.00279422989 -0.458875
v 0.0243347008 0.100887999 -0.593187988
v 0.0358569995 0.0773364007 -0.619081974
v 0.0700689033 0.0879120976 -0.483321011
v 0.0346021987 0.110284999 -0.514869988
v 0.0358569995 0.0773364007 -0.619081974
v 0.0993304029 0.0473653004 -0.644271016
v 0.062808603 0.0253237002 -0.67792201
v 0.0922449008 -0.0266226996 -0.705933988
v 0.0758171976 -0.0253456999 -0.713667989
v 0.0894464031 0.0286311004 -0.672834992
v 0.139948994 0.0571703985 -0.550679982
v 0.130704999 0.0785771012 -0.571530998
v 0.128556997 0.0734390989 -0.518944979
v 0.0478403009 0.0290203001 -0.69700402
v 0.062808603 0.0253237002 -0.67792201
v 0.0758171976 -0.0253456999 -0.713667989
v 0.133747995 0.0483017005 -0.605787992
v 0.130704999 0.0785771012 -0.571530998
v 0.142998993 0.0443466008 -0.581369996
v 0.139948994 0.0571703985 -0.550679982
v 0.140515998 0.0389840007 -0.53114599
v 0.147055 0.0364145003 -0.566443026
v 0.140515998 0.0389840007 -0.53114599
v 0.145745993 0.00634572003 -0.525061011
v 0.138494 0.0141126998 -0.683858991
v 0.131308004 0.0252358001 -0.666606009
v 0.109209999 -0.0264152996 -0.698906004
v 0.111148 0.0270454995 -0.669924974
v 0.142998993 0.0443466008 -0.581369996
v 0.133747995 0.0483017005 -0.605787992
v 0.152729005 0.00624606991 -0.528887987
v 0.145745993 0.00634572003 -0.525061011
v 0.147055 0.0364145003 -0.566443026
v 0.0686616004 -0.0248914007 -0.737142026
v 0.0407675989 0.0232956 -0.718846023
v 0.113306999 0.0936734006 -0.526289999
v 0.100195996 0.107601002 -0.555419981
v 0.0482553989 0.117069997 -0.545351982
v 0.0148470001 0.112678997 -0.556603014
v 0.117262997 0.063178502 -0.612866998
v 0.107755996 0.0856698006 -0.495618999
v 0.0818749964 0.103978001 -0.499348998
v 0.109209999 -0.0264152996 -0.698906004
v 0.117262997 0.063178502 -0.612866998
v 0.113099001 0.0423455983 -0.642538011
v 0.0146864997 -0.105777003 -0.287551999
v 0.0802396014 -0.0871084034 -0.321525007
v 0.0878883973 -0.101434 -0.29132399
v 0.0242801998 -0.131979004 -0.156964004
v 0.123443 -0.122509003 -0.169011995
v 0.0559271984 -0.108552001 -0.128962994
v 0.032189399 -0.0841879994 -0.127774
v 0.0192130003 -0.135019004 -0.211475998
v 0.103010997 -0.119491003 -0.248404995
v 0.0192130003 -0.135019004 -0.211475998
v 0.0242801998 -0.131979004 -0.156964004
v 0.0146864997 -0.105777003 -0.287551999
v 0.000167010003 -0.115960002 -0.246391997
v 0.000150103006 -0.0942450017 -0.313174993
v 0.00590163982 0.00384132005 -0.0989798978
v 0.0181047004 -0.0388322994 -0.131105006
v 0.0545555018 0.0803665966 -0.193637997
v 0.0201818999 0.0688870028 -0.131908
v 0.0629971027 0.0829320997 -0.259824991
v 0.106091999 0.064235501 -0.267785013
v 0.0675666034 0.0721181035 -0.194909006
v 0.124582998 0.0778077021 -0.212252006
v 0.133313999 -0.00140229997 -0.299228013
v 0.106091999 0.064235501 -0.267785013
v 0.124582998 0.0778077021 -0.212252006
v 0.156882003 -0.000678114011 -0.258246005
v 0.124582998 0.0778077021 -0.212252006
v 0.0511033982 0.0697261989 -0.117999002
v 0.147753999 0.0841332003 -0.145640999
v 0.156882003 -0.000678114011 -0.258246005
v 0.147753999 0.0841332003 -0.145640999
v 0.176452994 -0.00271903002 -0.195975006
v 0.0295815002 0.0685527027 -0.132874995
v 0.111795001 -0.0452895984 -0.320084989
v 0.133846998 -0.0553084984 -0.279098988
v 0.0878883973 -0.101434 -0.29132399
v 0.146913007 -0.0576256998 -0.228871003
v 0.146913007 -0.0576256998 -0.228871003
v 0.112251997 -0.126981005 -0.213680997
v 0.103010997 -0.119491003 -0.248404995
v 0.136535004 -0.104709998 -0.124136001
v 0.00590163982 0.00384132005 -0.0989798978
v 0.0107263001 0.00362427998 -0.0812556967
v 0.0690013021 -0.103081003 -0.122455999
v 0.0756819993 -0.108747996 -0.0584592
v 0.0631759018 0.0712035969 -0.0602922998
v 0.188315004 -0.0057438002 0.058812499
v 0.176970005 -0.0584417991 -0.0896312967
v 0.190276995 -0.00265386002 -0.0923267975
v 0.143481001 -0.103477001 -0.0714330003
v 0.156026006 -0.0894849971 0.0809632987
v 0.0966164991 -0.0911343023 0.101585999
v 0.0909740999 0.0566031002 0.0817260966
v 0.0195009001 -7.8464298e-05 -0.0567409992
v 0.0532569997 -0.0131339999 0.0841732025
v 0.0107263001 0.00362427998 -0.0812556967
v 0.0619088002 -0.0148873003 0.143151999
v 0.0532569997 -0.0131339999 0.0841732025
v 0.107717998 0.0407252014 0.173810005
v 0.149712995 0.0631754026 0.0738719031
v 0.155479997 0.0380664989 0.165957004
v 0.188315004 -0.0057438002 0.058812499
v 0.181966007 -0.0184893999 0.198924005
v 0.178563997 -0.0144037995 0.168915004
v 0.160923004 -0.0810934007 0.170289993
v 0.160246998 -0.0807399005 0.189739004
v 0.110255003 -0.0766839981 0.193690002
v 0.107640997 -0.0802439973 0.177068993
v 0.0770409033 -0.0161297005 0.194150999
v 0.0619088002 -0.0148873003 0.143151999
v 0.165939003 0.0467347987 0.204919994
v 0.109851003 0.0483257994 0.213452995
v 0.0811323971 -0.0171540007 0.213740006
v 0.167410001 0.028198 0.243361995
v 0.120867997 0.0296890009 0.247858003
v 0.111992002 -0.0818044022 0.208663002
v 0.0861926973 -0.0251090005 0.236836001
v 0.0961820036 -0.0250885002 0.275718004
v 0.116057999 -0.126599997 0.36521399
v 0.136543006 0.0164314993 0.376367003
v 0.181040004 0.0112143997 0.367134988
v 0.218677998 -0.0527349003 0.329775006
v 0.188521996 -0.0256756991 0.222911999
v 0.181966007 -0.0184893999 0.198924005
v 0.188521996 -0.0256756991 0.222911999
v 0.160065994 -0.0867021978 0.204914004
v 0.166056007 -0.0620953999 -0.169992998
v 0.156882003 -0.000678114011 -0.258246005
v 0.0802396014 -0.0871084034 -0.321525007
v 0.0488873012 0.0824650005 -0.300080001
v 0.000167082995 0.086797297 -0.291779995
v 0.0629971027 0.0829320997 -0.259824991
v 0.053650599 -0.0766282976 -0.343674988
v 0.119272999 -0.0027409601 -0.334407002
v 0.0803039968 -0.0743476003 -0.344283015
v 0.118663996 -0.0457723998 0.51078397
v 0.116057999 -0.126599997 0.36521399
v 0.136346996 -0.117637001 0.504752994
v 0.0957707018 -0.0194394998 0.374220997
v 0.190087005 -0.00504182978 0.520919025
v 0.136543006 0.0164314993 0.376367003
v 0.157507002 0.00351671991 0.521746993
v 0.181040004 0.0112143997 0.367134988
v 0.214961007 -0.0580735989 0.498943001
v 0.218677998 -0.0527349003 0.329775006
v 0.186085001 -0.115716003 0.505333006
v 0.184293002 -0.121852003 0.348800987
v 0.136346996 -0.117637001 0.504752994
v 0.186085001 -0.115716003 0.505333006
v 0.131110996 -0.0500236005 0.629096985
v 0.146818995 -0.105873004 0.62598598
v 0.204768002 -0.00625752006 0.617531002
v 0.170555994 0.000264261005 0.616182029
v 0.220596001 -0.0552093983 0.624462008
v 0.199790999 -0.107860997 0.650030971
v 0.195905998 -0.109727003 0.624619007
v 0.149217993 -0.102412999 0.650592983
v 0.146818995 -0.105873004 0.62598598
v 0.195905998 -0.109727003 0.624619007
v 0.171461999 0.00496267015 0.63290298
v 0.129972994 -0.0525343008 0.663793981
v 0.150325 -0.000950359972 0.711169004
v 0.184318006 0.0501873009 0.666882992
v 0.225785002 0.0451189987 0.66930002
v 0.171461999 0.00496267015 0.63290298
v 0.184318006 0.0501873009 0.666882992
v 0.207156003 -0.00144433999 0.632840991
v 0.228891999 -0.0568589009 0.711165011
v 0.225538 -0.0544840991 0.663806975
v 0.148341 0.0544640012 0.716207027
v 0.161008999 0.102069996 0.716247976
v 0.198639005 0.129014 0.696708977
v 0.237214997 0.123689003 0.696686029
v 0.198639005 0.129014 0.696708977
v 0.256255001 0.0864372998 0.716205001
v 0.257674009 0.0405213013 0.716211021
v 0.154026002 -0.109681003 0.711163998
v 0.150027007 -0.104372002 0.674014986
v 0.200748995 -0.109681003 0.671764016
v 0.199790999 -0.107860997 0.650030971
v 0.200524002 -0.115184002 0.711162984
v 0.200748995 -0.109681003 0.671764016
v 0.134630993 -0.0565183014 0.711165011
v 0.150027007 -0.104372002 0.674014986
v 0.154026002 -0.109681003 0.711163998
v 0.149217993 -0.102412999 0.650592983
v 0.240527004 0.130360007 0.716279984
v 0.198108003 0.136582002 0.716279984
v 0.198108003 0.136582002 0.716279984
v 0.257674009 0.0405213013 0.732065022
v 0.256255001 0.0864372998 0.716205001
v 0.256255001 0.0864372998 0.732059002
v 0.257674009 0.0405213013 0.716211021
v 0.154026002 -0.110835999 0.732069016
v 0.200524002 -0.115184002 0.711162984
v 0.200524002 -0.115184002 0.732068002
v 0.154026002 -0.109681003 0.711163998
v 0.200524002 -0.115184002 0.732068002
v 0.228891999 -0.0568589009 0.711165011
v 0.228553995 -0.0573531985 0.732070029
v 0.200524002 -0.115184002 0.711162984
v 0.134630993 -0.0570441 0.732069016
v 0.154026002 -0.109681003 0.711163998
v 0.154026002 -0.110835999 0.732069016
v 0.134630993 -0.0565183014 0.711165011
v 0.150325 0.00257794 0.732074022
v 0.150325 -0.000950359972 0.711169004
v 0.240527004 0.130360007 0.732133985
v 0.198108003 0.136582002 0.716279984
v 0.198108003 0.136582002 0.732133985
v 0.240527004 0.130360007 0.716279984
v 0.161008999 0.103491999 0.732101977
v 0.148341 0.0544640012 0.716207027
v 0.148341 0.0559654012 0.732061028
v 0.161008999 0.102069996 0.716247976
v 0.198108003 0.136582002 0.732133985
v 0.198108003 0.136582002 0.716279984
v 0.200524002 -0.115184002 0.732068002
v 0.228553995 -0.0573531985 0.732070029
v 0.134630993 -0.0570441 0.732069016
v 0.150325 0.00257794 0.732074022
v 0.257674009 0.0405213013 0.732065022
v 0.229132995 -0.0558274016 0.644297004
v 0.0770409033 -0.0161297005 0.194150999
v 0.141910002 0.0828650966 -0.0733198971
v 0.124582998 0.0778077021 -0.212252006
v 0.146913007 -0.0576256998 -0.228871003
v 0.176452994 -0.00271903002 -0.195975006
v 0.0977768004 0.0620100014 -0.321606994
v 0.0594668984 0.0796784014 -0.310018003
v 0.180513993 -0.0556291007 0.0649181008
v 0.166056007 -0.0620953999 -0.169992998
v 0.123443 -0.122509003 -0.169011995
v 0.166056007 -0.0620953999 -0.169992998
v 0.136543006 0.0164314993 0.376367003
v 0.157507002 0.00351671991 0.521746993
v 0.170555994 0.000264261005 0.616182029
v 0.0957707018 -0.0194394998 0.374220997
v 0.0861926973 -0.0251090005 0.236836001
v 0.218677998 -0.0527349003 0.329775006
v 0.184293002 -0.121852003 0.348800987
v 0.166056007 -0.0620953999 -0.169992998
v 0.176452994 -0.00271903002 -0.195975006
v 0.032189399 -0.0841879994 -0.127774
v 0.053650599 -0.0766282976 -0.343674988
v 0.0195009001 -7.8464298e-05 -0.0567409992
v 0.0181047004 -0.0388322994 -0.131105006
v 0.0178878997 -0.122966997 -0.251581013
v 0.112251997 -0.126981005 -0.213680997
v 0.000167010003 -0.115960002 -0.246391997
v 0.0146864997 -0.105777003 -0.287551999
v 0.0178878997 -0.122966997 -0.251581013
v 0.190276995 -0.00265386002 -0.0923267975
v 0.0178878997 -0.122966997 -0.251581013
v 0.199790999 -0.107860997 0.650030971
v 0.178563997 -0.0144037995 0.168915004
v 0.0811323971 -0.0171540007 0.213740006
v 0.0957707018 -0.0194394998 0.374220997
v 0.0961820036 -0.0250885002 0.275718004
v 0.200524002 -0.115184002 0.711162984
v 0.149217993 -0.102412999 0.650592983
v 0.0107263001 0.00362427998 -0.0812556967
v 0.207893997 -0.0270933993 -0.625151992
v 0.152729005 0.00624606991 -0.528887987
v 0.113305002 -0.121615998 -0.577103019
v 0.160651997 -0.0601416007 -0.529752016
v 0.159687996 0.00482182996 -0.523281991
v 0.159513995 -0.0608327985 -0.533151984
v 0.190254003 -0.0938315988 -0.558407009
v 0.160651997 -0.0601416007 -0.529752016
v 0.113305002 -0.121615998 -0.577103019
v 0.193556994 0.0260300003 -0.561586022
v 0.156872004 0.00537633989 -0.526894987
v 0.148341 0.0559654012 0.732061028
v 0.256255001 0.0864372998 0.732059002
v 0.161008999 0.103491999 0.732101977
v 0.154026002 -0.110835999 0.732069016
v 0.240527004 0.130360007 0.732133985
v 0.198108003 0.136582002 0.732133985
v 0.0650041997 0.114252001 -0.570245028
v 0.100195996 0.107601002 -0.555419981
v 0.117262997 0.063178502 -0.612866998
v 0.0243347008 0.100887999 -0.593187988
v 0.0443109013 -0.0479361005 -0.779833019
v 0.0621681996 -0.0142035 -0.773670018
v 0.038471099 0.0276964996 -0.751330972
v 0.0621681996 -0.0142035 -0.773670018
v 0.0345734991 -0.0431721993 -0.779833019
v 0.000167047998 -0.0735516027 -0.782193005
v 0.000167043996 -0.0621026009 -0.781020999
v 0.000167047998 -0.0735516027 -0.782193005
v 0.0345734991 -0.0431721993 -0.779833019
v 0.0443109013 -0.0479361005 -0.779833019
v 0.0472516008 -0.0138395 -0.775067985
v 0.0443109013 -0.0479361005 -0.779833019
v 0.0345734991 -0.0431721993 -0.779833019
v 0.0443109013 -0.0479361005 -0.779833019
v 0.0472516008 -0.0138395 -0.775067985
v 0.0621681996 -0.0142035 -0.773670018
v 0.0287337005 0.0221309997 -0.754373014
v 0.0472516008 -0.0138395 -0.775067985
v 0.053650599 -0.0766282976 -0.343674988
v 0.0803039968 -0.0743476003 -0.344283015
v 0.119272999 -0.0027409601 -0.334407002
v 0.0594668984 0.0796784014 -0.310018003
v 0.0977768004 0.0620100014 -0.321606994
v 0.119272999 -0.0027409601 -0.334407002
v 0.075000003 -0.0765539035 -0.396885008
v 0.000144232006 -0.0753427967 -0.369554013
v 0.0722415 -0.0718467981 -0.400581986
v 0.112317003 -0.00180128997 -0.39666599
v 0.112317003 -0.00180128997 -0.39666599
v 0.176427007 -0.0801099017 -0.642048001
v 0.109209999 -0.0264152996 -0.698906004
v 0.144787997 -0.0743919015 -0.681668997
v 0.134595007 -0.0943171978 -0.664038002
v 0.109209999 -0.0264152996 -0.698906004
v 0.131308004 0.0252358001 -0.666606009
v 0.170343995 0.0244245995 -0.645839989
v 0.127518997 0.0386912003 -0.64131099
v 0.170343995 0.0244245995 -0.645839989
v 0.111148 0.0270454995 -0.669924974
v 0.0993304029 0.0473653004 -0.644271016
v 0.113099001 0.0423455983 -0.642538011
v 0.117262997 0.063178502 -0.612866998
v 0.117262997 0.063178502 -0.612866998
v 0.0629971027 0.0829320997 -0.259824991
v 0.0977768004 0.0620100014 -0.321606994
v 0.176427007 -0.0801099017 -0.642048001
v 0.0939615965 0.111777 -0.53194797
v 0.0818749964 0.103978001 -0.499348998
v 0.0894464031 0.0286311004 -0.672834992
v 0.0758171976 -0.0253456999 -0.713667989
v 0.218400002 -0.0301808994 -0.594847023
v 0.223041996 -0.0299705993 -0.598643005
v 0.212115005 0.00341920997 -0.584612012
v 0.217547998 -0.0596311018 -0.58812499
v 0.0939615965 0.111777 -0.53194797
v 0.0871741995 0.0508733988 -0.350735009
v 0.0938464999 0.0561535992 -0.352293015
v 0.0605764985 0.0793827996 -0.338039994
v 0.085656099 0.0509574004 -0.384813994
v 0.0792832971 0.0456029996 -0.387248993
v 0.0605764985 0.0793827996 -0.338039994
v 0.112317003 -0.00180128997 -0.39666599
v 0.0938464999 0.0561535992 -0.352293015
v 0.0871741995 0.0508733988 -0.350735009
v 0.115079999 -0.00530011998 -0.363462001
v 0.118593998 -0.00244932994 -0.393424004
v 0.118593998 -0.00244932994 -0.393424004
v 0.147753999 0.0841332003 -0.145640999
v 0.168270007 0.0566285998 -0.0738473013
v 0.176452994 -0.00271903002 -0.195975006
v 0.199944004 0.0052570398 -0.087887302
v 0.198090002 -0.0516021997 -0.0801782012
v 0.0524128005 0.0841965005 -0.336297005
v 0.0470602997 0.0844921023 -0.300799996
v 0.0506687015 0.0818011984 -0.309289008
v 0.0561504997 0.0797587037 -0.337626994
v 0.0470602997 0.0844921023 -0.300799996
v 0.0524128005 0.0841965005 -0.336297005
v 0.0803039968 -0.0743476003 -0.344283015
v -0.121037997 0.0623858012 -0.342781991
v -0.143260002 0.00756751979 -0.35225001
v -0.142034993 0.0507294014 -0.274360001
v -0.147944003 -0.00198744005 -0.279821992
v -0.127233997 0.0501823984 -0.270339012
v -0.157912001 0.0131561002 -0.282431006
v -0.0919265002 0.0511716008 -0.347231001
v -0.114138998 -0.00364666991 -0.356698006
v -0.0700341985 0.0958506018 -0.332415015
v -0.113752 0.0722836033 -0.339612991
v -0.0816539973 0.0865498036 -0.273162991
v -0.116320997 0.0584044009 -0.279626012
v -0.0713588968 0.0788405016 -0.272392988
v -0.115211003 0.0719240978 -0.279368013
v -0.0558986999 0.0735281035 -0.341260999
v -0.0995630994 0.0519815013 -0.348459005
v -0.0492107011 0.0824700966 -0.300060987
v 0.000167249993 0.0845142975 -0.340288997
v -0.0558413006 0.0797893032 -0.337592989
v 0.000167082995 0.086797297 -0.291779995
v 0.0488873012 0.0824650005 -0.300080001
v 0.0561504997 0.0797587037 -0.337626994
v -0.0612169988 -0.0148873003 0.143151999
v -0.107026003 0.0407252014 0.173810005
v -0.154788002 0.0380664989 0.165846005
v -0.177873001 -0.0144037995 0.168874994
v -0.181273997 -0.0184895005 0.198924005
v -0.160227999 -0.0810934007 0.170458004
v -0.10695 -0.0802439973 0.177068993
v -0.109563001 -0.0766839981 0.193690002
v -0.159555003 -0.0807399005 0.189750001
v -0.0612169988 -0.0148873003 0.143151999
v -0.0763489008 -0.0161295999 0.194150999
v -0.109159 0.0483257994 0.213452995
v -0.165246993 0.0467347018 0.204919994
v -0.080440402 -0.0171540007 0.213740006
v -0.120176002 0.0296890009 0.247859001
v -0.166718006 0.028198 0.243362993
v -0.0855009034 -0.0251090992 0.236836001
v -0.111299999 -0.0818044022 0.208663002
v -0.115365997 -0.126599997 0.36521399
v -0.095490098 -0.0250885002 0.275718004
v -0.180347994 0.0112143001 0.367134988
v -0.135850996 0.0164314993 0.376367003
v -0.217986003 -0.0527349003 0.329775006
v -0.187830001 -0.0256756991 0.222911999
v -0.187830001 -0.0256756991 0.222911999
v -0.181273997 -0.0184895005 0.198924005
v -0.159373999 -0.0867021978 0.204914004
v -0.135655001 -0.117637001 0.504752994
v -0.115365997 -0.126599997 0.36521399
v -0.117972001 -0.0457725003 0.51078397
v -0.0950788036 -0.0194394998 0.37422201
v -0.156815007 0.00351669989 0.521748006
v -0.135850996 0.0164314993 0.376367003
v -0.189394996 -0.00504184002 0.520919025
v -0.180347994 0.0112143001 0.367134988
v -0.214268997 -0.0580735989 0.498943001
v -0.217986003 -0.0527349003 0.329775006
v -0.185393006 -0.115716003 0.505333006
v -0.183602005 -0.121852003 0.348800987
v -0.185393006 -0.115716003 0.505333006
v -0.135655001 -0.117637001 0.504752994
v -0.146127 -0.105873004 0.625986993
v -0.130419001 -0.0500236005 0.629096985
v -0.169864997 0.000264250004 0.616182029
v -0.204077005 -0.00625752984 0.617531002
v -0.219904006 -0.0552093983 0.624462008
v -0.195214003 -0.109727003 0.624619007
v -0.199099004 -0.107860997 0.650030971
v -0.195214003 -0.109727003 0.624619007
v -0.146127 -0.105873004 0.625986993
v -0.148525998 -0.102412999 0.650592983
v -0.149633005 -0.000950372021 0.711169004
v -0.129280999 -0.0525343008 0.663793981
v -0.170770004 0.00496265991 0.63290298
v -0.183625996 0.0501872003 0.666882992
v -0.183625996 0.0501872003 0.666882992
v -0.170770004 0.00496265991 0.63290298
v -0.225093007 0.0451189987 0.66930002
v -0.206463993 -0.00144433999 0.632840991
v -0.228200004 -0.0568589009 0.711165011
v -0.224846005 -0.0544840991 0.663806975
v -0.147649005 0.0544640012 0.716207027
v -0.197946995 0.129014 0.696709991
v -0.160317004 0.102069996 0.716247976
v -0.197946995 0.129014 0.696709991
v -0.236522004 0.123689003 0.696686029
v -0.255562991 0.0864372998 0.716205001
v -0.256981999 0.0405213013 0.716211021
v -0.200057 -0.109681003 0.671764016
v -0.149334997 -0.104372002 0.674014986
v -0.153334007 -0.109681003 0.711163998
v -0.199099004 -0.107860997 0.650030971
v -0.199833006 -0.115184002 0.711162984
v -0.200057 -0.109681003 0.671764016
v -0.153334007 -0.109681003 0.711163998
v -0.149334997 -0.104372002 0.674014986
v -0.133939996 -0.0565183982 0.711165011
v -0.148525998 -0.102412999 0.650592983
v -0.197414994 0.136582002 0.716279984
v -0.239833996 0.130360007 0.716279984
v -0.197414994 0.136582002 0.716279984
v -0.255562991 0.0864372998 0.732059002
v -0.255562991 0.0864372998 0.716205001
v -0.256981999 0.0405213013 0.732065022
v -0.256981999 0.0405213013 0.716211021
v -0.199832007 -0.115184002 0.732068002
v -0.199833006 -0.115184002 0.711162984
v -0.153334007 -0.110835999 0.732069016
v -0.153334007 -0.109681003 0.711163998
v -0.227862 -0.0573531985 0.732070029
v -0.228200004 -0.0568589009 0.711165011
v -0.199832007 -0.115184002 0.732068002
v -0.199833006 -0.115184002 0.711162984
v -0.153334007 -0.110835999 0.732069016
v -0.153334007 -0.109681003 0.711163998
v -0.133939996 -0.0570442006 0.732069016
v -0.133939996 -0.0565183982 0.711165011
v -0.149633005 0.00257792999 0.732074022
v -0.149633005 -0.000950372021 0.711169004
v -0.197414994 0.136582002 0.732133985
v -0.197414994 0.136582002 0.716279984
v -0.239833996 0.130360007 0.732133985
v -0.239833996 0.130360007 0.716279984
v -0.147649005 0.0559654012 0.732061028
v -0.147649005 0.0544640012 0.716207027
v -0.160317004 0.103491999 0.732101977
v -0.160317004 0.102069996 0.716247976
v -0.197414994 0.136582002 0.732133985
v -0.197414994 0.136582002 0.716279984
v -0.133939996 -0.0570442006 0.732069016
v -0.227862 -0.0573531985 0.732070029
v -0.199832007 -0.115184002 0.732068002
v -0.149633005 0.00257792999 0.732074022
v -0.256981999 0.0405213013 0.732065022
v -0.228441998 -0.0558274016 0.644297004
v -0.0763489008 -0.0161295999 0.194150999
v -0.135850996 0.0164314993 0.376367003
v -0.156815007 0.00351669989 0.521748006
v -0.169864997 0.000264250004 0.616182029
v -0.0950788036 -0.0194394998 0.37422201
v -0.0855009034 -0.0251090992 0.236836001
v -0.183602005 -0.121852003 0.348800987
v -0.217986003 -0.0527349003 0.329775006
v -0.199099004 -0.107860997 0.650030971
v -0.177873001 -0.0144037995 0.168874994
v -0.080440402 -0.0171540007 0.213740006
v -0.0950788036 -0.0194394998 0.37422201
v -0.095490098 -0.0250885002 0.275718004
v -0.199833006 -0.115184002 0.711162984
v -0.148525998 -0.102412999 0.650592983
v -0.160317004 0.103491999 0.732101977
v -0.255562991 0.0864372998 0.732059002
v -0.147649005 0.0559654012 0.732061028
v -0.153334007 -0.110835999 0.732069016
v -0.197414994 0.136582002 0.732133985
v -0.239833996 0.130360007 0.732133985
v -0.178275004 -0.0947841033 -0.56369102
v -0.160648003 -0.0601416007 -0.529752016
v -0.190249994 -0.0938315988 -0.558408022
v 0.0594668984 0.0796784014 -0.310018003
v 0.0506687015 0.0818011984 -0.309289008
v 0.0506687015 0.0818011984 -0.309289008
v 0.0561504997 0.0797587037 -0.337626994
v -0.0508207008 0.081819199 -0.309175014
v -0.0508207008 0.081819199 -0.309175014
v -0.0599571988 0.0796784014 -0.310018003
v 0.0488873012 0.0824650005 -0.300080001
v 0.000167043996 -0.0621026009 -0.781020999
v 0.000167054997 0.0298807006 -0.738563001
v 0.0287337005 0.0221309997 -0.754373014
v 0.0472516008 -0.0138395 -0.775067985
v 0.0345734991 -0.0431721993 -0.779833019
v -0.0342394002 -0.0431721993 -0.779833019
v -0.0469175018 -0.0138395 -0.775067985
v -0.0283995997 0.0221309997 -0.754373014
vt 0.343080014 0.0239479002
vt 0.272736013 0.0487288982
vt 0.343080014 0.0514862016
vt 0.726287007 0.836494029
vt 0.652814984 0.835951984
vt 0.728986025 0.83455801
vt 0.771118999 0.832047999
vt 0.776198983 0.830859005
vt 0.272493988 0.0922228023
vt 0.261523992 0.134562001
vt 0.343080014 0.0952202976
vt 0.343080014 0.126761004
vt 0.208918005 0.0436986983
vt 0.198840007 0.0881740972
vt 0.218777001 0.129112005
vt 0.178852007 0.105228998
vt 0.343080014 0.257012993
vt 0.267190009 0.254171014
vt 0.344123989 0.295345008
vt 0.200073004 0.359328002
vt 0.247476995 0.350708008
vt 0.175362006 0.290120989
vt 0.343080014 0.192791
vt 0.287256986 0.191072002
vt 0.200073004 0.359328002
vt 0.175362006 0.290120989
vt 0.156360999 0.354292989
vt 0.172142997 0.139302
vt 0.184754997 0.152764007
vt 0.252727002 0.255681992
vt 0.185912997 0.201428995
vt 0.185121 0.216316
vt 0.170938 0.364113986
vt 0.192185998 0.628556013
vt 0.161621004 0.624683976
vt 0.188637003 0.661978006
vt 0.196165994 0.600194991
vt 0.183356002 0.70224297
vt 0.159795001 0.694868028
vt 0.181909993 0.70995301
vt 0.157738999 0.672869027
vt 0.154798999 0.573430002
vt 0.187576994 0.580910027
vt 0.194647998 0.549365997
vt 0.182711005 0.535697997
vt 0.215669006 0.152520001
vt 0.223838001 0.634769976
vt 0.151332006 0.300309002
vt 0.142364994 0.347124994
vt 0.115148 0.233355001
vt 0.0951267034 0.236294001
vt 0.0793391988 0.292263001
vt 0.0800535008 0.235621005
vt 0.184754997 0.152764007
vt 0.172142997 0.139302
vt 0.157842994 0.215201005
vt 0.185415998 0.201940998
vt 0.153862998 0.247077003
vt 0.13955 0.618993998
vt 0.130319998 0.662380993
vt 0.131726995 0.575061977
vt 0.149785995 0.71092701
vt 0.136357993 0.692391992
vt 0.169411004 0.531323016
vt 0.186866 0.227346003
vt 0.155224994 0.253212988
vt 0.160704002 0.259272009
vt 0.344123989 0.295345008
vt 0.300027013 0.315768003
vt 0.343080014 0.315102011
vt 0.300485998 0.29321301
vt 0.262365013 0.316854
vt 0.263213009 0.294692993
vt 0.167006001 0.730825007
vt 0.230752006 0.608992994
vt 0.238977998 0.188593999
vt 0.119243003 0.311515003
vt 0.215439007 0.184907004
vt 0.215669006 0.152520001
vt 0.238977998 0.188593999
vt 0.139551997 0.235401005
vt 0.110379003 0.537043989
vt 0.0062618698 0.590826988
vt 0.105759002 0.596926987
vt 0.102128997 0.53728497
vt 0.546132982 0.77135098
vt 0.583353996 0.760591984
vt 0.551581025 0.772682011
vt 0.359295994 0.0875039026
vt 0.395518988 0.0900901034
vt 0.367861003 0.0158360004
vt 0.517598987 0.779780984
vt 0.522813022 0.780853987
vt 0.0062618698 0.705404997
vt 0.104923002 0.671389997
vt 0.0062618698 0.669659019
vt 0.352324009 0.219593003
vt 0.366672009 0.275541991
vt 0.420834005 0.272509009
vt 0.400848001 0.210393995
vt 0.483249992 0.252869993
vt 0.464244992 0.223702997
vt 0.0062618698 0.805065989
vt 0.0062618698 0.837399006
vt 0.0490042008 0.807192028
vt 0.0693823993 0.832141995
vt 0.0062618698 0.727315009
vt 0.0671631023 0.731728017
vt 0.129923001 0.701318979
vt 0.0062618698 0.865871012
vt 0.117048003 0.88883698
vt 0.181639999 0.856413007
vt 0.0693823993 0.832141995
vt 0.164159 0.883934975
vt 0.151171997 0.937474012
vt 0.175545007 0.931156993
vt 0.435149997 0.308247
vt 0.446141005 0.384104997
vt 0.461284012 0.356831998
vt 0.0062618698 0.892072022
vt 0.0905757993 0.907224
vt 0.151171997 0.937474012
vt 0.117048003 0.88883698
vt 0.475010008 0.402442992
vt 0.446141005 0.384104997
vt 0.456995994 0.434399992
vt 0.461284012 0.356831998
vt 0.485457003 0.382710993
vt 0.474433005 0.321768999
vt 0.474433005 0.321768999
vt 0.502816021 0.293733001
vt 0.218944997 0.670993984
vt 0.241189003 0.698305011
vt 0.251495004 0.661333025
vt 0.217653006 0.690903008
vt 0.207781002 0.722818971
vt 0.199989006 0.72447902
vt 0.502816021 0.293733001
vt 0.511415005 0.298110992
vt 0.188119993 0.73378098
vt 0.0780671015 0.928269982
vt 0.139101997 0.964066982
vt 0.0062618698 0.912963986
vt 0.414018005 0.385096997
vt 0.413450003 0.319348991
vt 0.0322244987 0.771939993
vt 0.0913098007 0.761098981
vt 0.429556012 0.446478009
vt 0.375081003 0.284963012
vt 0.406803995 0.28006199
vt 0.203793004 0.922115028
vt 0.429556012 0.446478009
vt 0.236164004 0.71697402
vt 0.867623985 0.563305974
vt 0.866783023 0.590062022
vt 0.778616011 0.581550002
vt 0.770547986 0.605943978
vt 0.819160998 0.431670994
vt 0.895493984 0.440313011
vt 0.800373018 0.466372997
vt 0.799160004 0.431717008
vt 0.777938008 0.510834992
vt 0.856500983 0.512461007
vt 0.691127002 -0.283109993
vt 0.704370022 -0.285614997
vt 0.69531697 -0.30203101
vt 0.604452014 -0.250225991
vt 0.526086986 -0.207617998
vt 0.608453989 -0.113119997
vt 0.768239021 0.472833008
vt 0.772287011 0.453785002
vt 0.436345011 0.981167018
vt 0.364892989 0.97862798
vt 0.371903986 0.987618983
vt 0.748781979 0.437388986
vt 0.742121994 0.481956005
vt 0.688049972 0.491142005
vt 0.729768991 0.43652299
vt 0.674172997 0.529147029
vt 0.630333006 0.529155016
vt 0.642579973 0.472593993
vt 0.67651701 0.472835004
vt 0.980829 0.784195006
vt 0.974180996 0.813265026
vt 0.926506996 0.816644013
vt 0.928193986 0.784503996
vt 0.620948017 0.422832012
vt 0.696184993 0.392764002
vt 0.642579973 0.472593993
vt 0.928232014 0.746865988
vt 0.986231029 0.753139019
vt 0.928193986 0.784503996
vt 0.705797017 0.425442994
vt 0.851571023 0.799404025
vt 0.891089022 0.797228992
vt 0.896942973 0.820321977
vt 0.890628994 0.767947972
vt 0.843868971 0.773974001
vt 0.844758987 0.751043975
vt 0.890628994 0.767947972
vt 0.883462012 0.39853099
vt 0.747162998 0.410245001
vt 0.825626016 0.336257994
vt 0.824949026 0.411973
vt 0.74990201 0.392948002
vt 0.69431901 0.374017
vt 0.959473014 0.38805601
vt 0.911553025 0.353435993
vt 0.956305981 0.256276995
vt 0.88319701 0.348621994
vt 0.821578979 0.236159995
vt 0.866985977 0.234748006
vt 0.743704021 0.269077986
vt 0.742649019 0.372561008
vt 0.686785996 0.266898006
vt 0.744750023 0.393079996
vt 0.888967991 0.732218027
vt 0.928193986 0.784503996
vt 0.858770013 0.822072029
vt 0.0590402 0.284375012
vt 0.0830292031 0.331542999
vt 0.00337736006 0.323987007
vt 0.754673004 -0.243484005
vt 0.795958996 -0.158276007
vt 0.791858017 -0.216655999
vt 0.924929976 0.834827006
vt 0.865076005 0.836081982
vt 0.620196998 0.384732991
vt 0.980829 0.784195006
vt 0.890628994 0.767947972
vt 0.560458004 0.444786012
vt 0.667595983 0.578191996
vt 0.625729978 0.581485987
vt 0.752613008 0.418381006
vt 0.902926981 0.242131993
vt 0.848623991 0.727856994
vt 0.888967991 0.732218027
vt 0.916557014 0.421083987
vt 0.916557014 0.421083987
vt 0.962545991 0.447158992
vt 0.462825 0.927646995
vt 0.505847991 0.976256013
vt 0.835843027 0.615574002
vt 0.748669982 0.372628003
vt 0.746703029 0.267179012
vt 0.780656993 0.430956006
vt 0.872371972 0.493672997
vt 0.787819028 0.545165002
vt 0.661963999 -0.0376700982
vt 0.762978971 -0.0829892009
vt 0.723631024 -0.114696003
vt 0.631672978 0.261808008
vt 0.560627997 0.384213001
vt 0.582395017 0.253511012
vt 0.715022027 -0.30203101
vt 0.704836011 -0.30203101
vt 0.720420003 -0.28865099
vt 0.374606013 0.992146015
vt 0.161621004 0.624683976
vt 0.153858006 0.249207005
vt 0.238977998 0.188593999
vt 0.0120208999 0.47615701
vt 0.0272269994 0.473129988
vt 0.00809032004 0.469415009
vt 0.238977998 0.188593999
vt 0.0335411988 0.46331501
vt 0.0389715992 0.476561993
vt 0.213356003 0.826153994
vt 0.183887005 0.770799994
vt 0.120931 0.785085022
vt 0.0062618698 0.770968974
vt 0.0062618698 0.805065989
vt 0.0490042008 0.807192028
vt 0.343080014 0.343407989
vt 0.302462012 0.342902988
vt 0.276874006 0.342691988
vt 0.130542994 0.994153023
vt 0.0740055963 0.959571004
vt 0.0062618698 0.942219019
vt 0.0267919004 0.451804012
vt 0.0331360996 0.475484014
vt 0.052539099 0.449690014
vt 0.0699077994 0.474503011
vt 0.0315117985 0.463535994
vt 0.0276500992 0.49643901
vt 0.0181140006 0.460101008
vt 0.0164815001 0.434641004
vt 0.0348153003 0.462060004
vt 0.0527652018 0.483785987
vt 0.0507576019 0.457111001
vt 0.0157008003 0.479759008
vt 0.112939 0.994364977
vt 0.0567842983 0.962502003
vt 0.0062618698 0.947268009
vt 0.706077993 0.814320028
vt 0.728986025 0.83455801
vt 0.652814984 0.835951984
vt 0.652814984 0.812479019
vt 0.733685017 0.814827979
vt 0.776198983 0.830859005
vt 0.778598011 0.806572974
vt 0.584909022 0.739440024
vt 0.588177979 0.760254979
vt 0.583353996 0.760591984
vt 0.543542027 0.748188019
vt 0.546132982 0.77135098
vt 0.515137017 0.757849991
vt 0.517598987 0.779780984
vt 0.343080014 0.0239479002
vt 0.267760992 0.0227937996
vt 0.460844994 0.100110002
vt 0.187576994 0.580910027
vt 0.236691996 0.571379006
vt 0.233476996 0.594210029
vt 0.251531005 0.660833001
vt 0.251495004 0.661333025
vt 0.217653006 0.690903008
vt 0.172746003 0.684378982
vt 0.217795998 0.705955029
vt 0.172746003 0.684378982
vt 0.205991 0.854744017
vt 0.181639999 0.856413007
vt 0.202539995 0.881132007
vt 0.224455997 0.736620009
vt 0.213356003 0.826153994
vt 0.000795976026 0.279327005
vt 0.00252801995 0.317786008
vt 0.0849089995 0.317725003
vt 0.972513974 0.834294021
vt 0.188330993 0.580597997
vt 0.396160007 0.328566015
vt 0.151070997 0.716772974
vt 0.164159 0.883934975
vt 0.151171997 0.937474012
vt 0.130319998 0.662380993
vt 0.13955 0.618993998
vt 0.132596001 0.614937007
vt 0.131726995 0.575061977
vt 0.173242003 0.748184025
vt 0.406235009 0.0400055982
vt 0.457783997 0.0486603007
vt 0.203502998 0.0189925991
vt 0.928232014 0.746865988
vt 0.970981002 0.708091021
vt 0.986231029 0.753139019
vt 0.936666012 0.704617023
vt 0.899025023 0.691708982
vt 0.347328991 0.423655987
vt 0.310791999 0.500733972
vt 0.305976003 0.429421008
vt 0.365956008 0.488802999
vt 0.305976003 0.429421008
vt 0.303642005 0.446153998
vt 0.302302986 0.427554011
vt 0.307817012 0.504157007
vt 0.310791999 0.500733972
vt 0.869894981 0.609360993
vt 0.272392005 0.0487288982
vt 0.577565014 0.841325998
vt 0.589691997 0.862277985
vt 0.519316018 0.859394014
vt 0.518377006 0.834348977
vt 0.261180997 0.134562001
vt 0.27215001 0.0922228023
vt 0.198496997 0.0881740972
vt 0.208573997 0.0436986983
vt 0.177892998 0.105228998
vt 0.218432993 0.129112005
vt 0.266846001 0.254171014
vt 0.175909996 0.290120989
vt 0.200620994 0.359328002
vt 0.286913007 0.191072002
vt 0.156909004 0.354292989
vt 0.175909996 0.290120989
vt 0.200620994 0.359328002
vt 0.184411004 0.152764007
vt 0.171799004 0.140017003
vt 0.185038999 0.216244996
vt 0.185831994 0.201359004
vt 0.252645999 0.255611002
vt 0.171486005 0.364113986
vt 0.188608006 0.661562026
vt 0.161592007 0.624267995
vt 0.192157 0.628139973
vt 0.196136996 0.59977901
vt 0.182332993 0.711103022
vt 0.159766003 0.694451988
vt 0.184230998 0.702349007
vt 0.157710001 0.672452986
vt 0.194619 0.54895103
vt 0.187546998 0.580493987
vt 0.154770002 0.573014021
vt 0.182681993 0.535282016
vt 0.187200993 0.227755994
vt 0.242027998 0.256805003
vt 0.215325996 0.152520001
vt 0.223809004 0.634353995
vt 0.142912999 0.347124994
vt 0.151879996 0.300309002
vt 0.0798871964 0.292263001
vt 0.095674701 0.236294001
vt 0.115695998 0.233355001
vt 0.0806014985 0.235621005
vt 0.157499 0.215201005
vt 0.171799004 0.140017003
vt 0.184411004 0.152764007
vt 0.153519005 0.247077003
vt 0.185072005 0.201940998
vt 0.130291 0.661965013
vt 0.139521003 0.618578017
vt 0.131697997 0.574645996
vt 0.136328995 0.691976011
vt 0.149756998 0.710511029
vt 0.169382006 0.530906975
vt 0.160622999 0.25920099
vt 0.155680001 0.253659993
vt 0.299683005 0.315768003
vt 0.300143003 0.29321301
vt 0.262021989 0.316854
vt 0.262869 0.294692993
vt 0.166977003 0.730409026
vt 0.230040997 0.610247016
vt 0.238635004 0.188593999
vt 0.119791001 0.311515003
vt 0.215325996 0.152520001
vt 0.215095997 0.184907004
vt 0.238635004 0.188593999
vt 0.140100002 0.235401005
vt 0.104624003 0.596926987
vt 0.109243996 0.537043989
vt 0.0062618698 0.540086985
vt 0.101699002 0.537267029
vt 0.734844983 0.79589802
vt 0.705129027 0.760591984
vt 0.742350996 0.77135098
vt 0.368129998 0.0158360004
vt 0.395788014 0.0900901034
vt 0.359564006 0.0875039026
vt 0.774582028 0.803017974
vt 0.779690027 0.779159009
vt 0.103788003 0.671389997
vt 0.421101987 0.272509009
vt 0.366941005 0.275541991
vt 0.352591991 0.219593003
vt 0.401116014 0.210393995
vt 0.483518004 0.252869993
vt 0.464513004 0.223702997
vt 0.0478694998 0.807192028
vt 0.0682476014 0.832141995
vt 0.128787994 0.701318979
vt 0.0660284013 0.731728017
vt 0.0682476014 0.832141995
vt 0.180504993 0.856413007
vt 0.115914002 0.88883698
vt 0.17441 0.931156993
vt 0.150037006 0.937474012
vt 0.163025007 0.883934975
vt 0.461551994 0.356831998
vt 0.44641 0.384104997
vt 0.43541801 0.308247
vt 0.0894410014 0.907224
vt 0.115914002 0.88883698
vt 0.150037006 0.937474012
vt 0.45726499 0.434399992
vt 0.44641 0.384104997
vt 0.47527799 0.402442992
vt 0.461551994 0.356831998
vt 0.474702001 0.321768999
vt 0.485724986 0.382710993
vt 0.474702001 0.321768999
vt 0.503084004 0.293733001
vt 0.218915001 0.670578003
vt 0.217623994 0.690487027
vt 0.251466006 0.660916984
vt 0.241160005 0.69788897
vt 0.199507996 0.725107014
vt 0.207752004 0.72240299
vt 0.511682987 0.298110992
vt 0.503084004 0.293733001
vt 0.188090995 0.733364999
vt 0.137967005 0.964066982
vt 0.0769323036 0.928269982
vt 0.413717985 0.319348991
vt 0.414285988 0.385096997
vt 0.0901750997 0.761098981
vt 0.0336606987 0.771939993
vt 0.429823995 0.446478009
vt 0.407072991 0.28006199
vt 0.375348985 0.284963012
vt 0.202657998 0.922115028
vt 0.429823995 0.446478009
vt 0.236135006 0.71655798
vt 0.778398991 0.58160001
vt 0.866566002 0.590111971
vt 0.867406011 0.563355982
vt 0.800155997 0.466423005
vt 0.89527601 0.44036299
vt 0.818943024 0.431721002
vt 0.798942983 0.431766987
vt 0.777720988 0.510885
vt 0.856283009 0.512511015
vt 0.704370022 -0.285614997
vt 0.691127002 -0.283109993
vt 0.779326022 -0.0489449985
vt 0.85878998 -0.134472996
vt 0.779420972 -0.116532996
vt 0.371941 0.987690985
vt 0.436381996 0.981238008
vt 0.690410972 0.491495013
vt 0.732129991 0.436875999
vt 0.676533997 0.529498994
vt 0.632694006 0.529507995
vt 0.678878009 0.473187
vt 0.644940972 0.472947001
vt 0.926506996 0.816644013
vt 0.974180996 0.813265026
vt 0.980829 0.784195006
vt 0.928193986 0.784503996
vt 0.644940972 0.472947001
vt 0.698545992 0.393117011
vt 0.623309016 0.423184991
vt 0.928193986 0.784503996
vt 0.986231029 0.753139019
vt 0.928232014 0.746865988
vt 0.708158016 0.425796002
vt 0.896942973 0.820321977
vt 0.891089022 0.797228992
vt 0.851571023 0.799404025
vt 0.890628994 0.767947972
vt 0.890628994 0.767947972
vt 0.844758987 0.751043975
vt 0.843868971 0.773974001
vt 0.883243978 0.398580998
vt 0.749523997 0.41059801
vt 0.749683976 0.39299801
vt 0.824732006 0.412023008
vt 0.825408995 0.336308002
vt 0.696680009 0.374370009
vt 0.956484973 0.257173002
vt 0.911334991 0.353486001
vt 0.959255993 0.388105989
vt 0.882979989 0.348672003
vt 0.86690402 0.234767005
vt 0.82149601 0.236178994
vt 0.68897903 0.267226011
vt 0.745010018 0.372913986
vt 0.745898008 0.269405991
vt 0.747111022 0.393433005
vt 0.743933022 0.221002996
vt 0.746619999 0.268317997
vt 0.685725987 0.188328996
vt 0.633866012 0.262134999
vt 0.641499996 0.187736005
vt 0.58247298 0.255692989
vt 0.576206982 0.149878994
vt 0.569787025 0.175074995
vt 0.861393988 0.172710001
vt 0.859952986 0.155739993
vt 0.820362985 0.156903997
vt 0.820499003 0.171491995
vt 0.744832993 0.182803005
vt 0.744910002 0.220649004
vt 0.639506996 0.160208002
vt 0.687623978 0.159618005
vt 0.749980986 0.157693997
vt 0.637297988 0.125268996
vt 0.687312007 0.136179
vt 0.819091976 0.133846998
vt 0.748833001 0.138788998
vt 0.750204027 0.113314003
vt 0.815070987 0.0121929003
vt 0.681849003 0.0233206004
vt 0.640219986 0.0171121005
vt 0.595727026 0.0173799992
vt 0.575565994 0.133696005
vt 0.927070022 0.150029004
vt 0.924925029 0.118166
vt 0.853798985 0.126172006
vt 0.888967991 0.732218027
vt 0.928193986 0.784503996
vt 0.858770013 0.822072029
vt 0.0593275018 0.284359992
vt 0.00405413983 0.281076998
vt 0.0833517984 0.331542999
vt 0.795958996 -0.158276007
vt 0.924929976 0.834827006
vt 0.865076005 0.836081982
vt 0.127431005 0.456921995
vt 0.162236005 0.516194999
vt 0.166461006 0.46133101
vt 0.113973998 0.510666013
vt 0.271358013 0.458728999
vt 0.303562999 0.516934991
vt 0.289646 0.456739992
vt 0.275709003 0.516771019
vt 0.234835997 0.454308003
vt 0.234824002 0.525640011
vt 0.203507006 0.45262599
vt 0.200367004 0.517329991
vt 0.166422993 0.46062699
vt 0.202546 0.452188998
vt 0.132170007 0.410807997
vt 0.170175001 0.411965013
vt 0.263226002 0.421622992
vt 0.29578501 0.427751988
vt 0.233784005 0.415028006
vt 0.206890002 0.402099997
vt 0.206031993 0.410977989
vt 0.169863999 0.402150005
vt 0.171118006 0.411525011
vt 0.205226004 0.411246985
vt 0.0939951986 0.412263006
vt 0.134249002 0.397320986
vt 0.107114002 0.377333999
vt 0.070959799 0.402049989
vt 0.296209008 0.405373991
vt 0.29577601 0.419589013
vt 0.310283989 0.418182999
vt 0.262795001 0.41395101
vt 0.234203994 0.380302012
vt 0.233937994 0.401302993
vt 0.0770262033 0.373782992
vt 0.0510899015 0.372406989
vt 0.0339263007 0.389795989
vt 0.338692009 0.387793988
vt 0.352892995 0.405319989
vt 0.323762 0.370321989
vt 0.298837006 0.370754987
vt 0.170718998 0.393059999
vt 0.166975006 0.380313009
vt 0.202185005 0.380988002
vt 0.202314004 0.373268992
vt 0.202543005 0.380854994
vt 0.205770001 0.394540012
vt 0.137389004 0.378921986
vt 0.170341 0.393153012
vt 0.166354001 0.380439997
vt 0.168794006 0.402249992
vt 0.350062013 0.373521
vt 0.367700011 0.385838985
vt 0.0322875008 0.371408999
vt 0.29874 0.365227014
vt 0.323762 0.370321989
vt 0.323664993 0.364793986
vt 0.298837006 0.370754987
vt 0.169505 0.401962012
vt 0.206954002 0.39486599
vt 0.206650004 0.401960999
vt 0.170718998 0.393059999
vt 0.202416003 0.373566985
vt 0.234203994 0.380302012
vt 0.233808994 0.373017997
vt 0.202543005 0.380854994
vt 0.138104007 0.370768011
vt 0.166354001 0.380439997
vt 0.167411998 0.372303993
vt 0.137389004 0.378921986
vt 0.105619997 0.369064003
vt 0.107114002 0.377333999
vt 0.351933002 0.365644991
vt 0.367700011 0.385838985
vt 0.373012006 0.379738986
vt 0.350062013 0.373521
vt 0.0506395996 0.366171002
vt 0.0770262033 0.373782992
vt 0.0765329003 0.367543995
vt 0.0510899015 0.372406989
vt 0.0326122008 0.36521399
vt 0.0322875008 0.371408999
vt 0.945793986 0.0204332992
vt 0.940177977 0.0672644973
vt 0.976433992 0.0633805022
vt 0.975736976 0.111082003
vt 0.937739015 0.145717993
vt 0.233328 0.408118993
vt 0.745370984 0.184347004
vt 0.622557998 0.385086
vt 0.980829 0.784195006
vt 0.890628994 0.767947972
vt 0.562819004 0.445138991
vt 0.628090978 0.581839025
vt 0.669956982 0.578544021
vt 0.902719021 0.242180005
vt 0.888967991 0.732218027
vt 0.848623991 0.727856994
vt 0.91633898 0.421133995
vt 0.0880224034 0.507674992
vt 0.100800999 0.451231003
vt 0.0971340984 0.430211008
vt 0.740101993 0.0195489991
vt 0.748028994 0.138366997
vt 0.926944971 0.0205342006
vt 0.868646026 0.0142895002
vt 0.91633898 0.421133995
vt 0.96232897 0.447210014
vt 0.505885005 0.976327002
vt 0.835624993 0.615624011
vt 0.748452008 0.372678012
vt 0.780439973 0.431006014
vt 0.787602007 0.545215011
vt 0.872155011 0.493723005
vt 0.854692996 -0.0896222964
vt 0.881749988 -0.0803403035
vt 0.845752001 -0.0381204002
vt 0.562988997 0.384566009
vt 0.720420003 -0.28865099
vt 0.205849007 0.402460992
vt 0.928743005 0.187211007
vt 0.752590001 0.158234
vt 0.739710987 0.0199600998
vt 0.747249007 0.115351997
vt 0.206954002 0.39486599
vt 0.167768002 0.372547001
vt 0.374642998 0.992218018
vt 0.161592007 0.624267995
vt 0.153777003 0.249136001
vt 0.238635004 0.188593999
vt 0.00809029024 0.462291002
vt 0.0333953984 0.46220699
vt 0.0103759002 0.453835011
vt 0.224154994 0.262773007
vt 0.185333997 0.238075003
vt 0.238635004 0.188593999
vt 0.0389714986 0.476561993
vt 0.0335411988 0.46331501
vt 0.981298983 0.15309
vt 0.942411005 0.18186
vt 0.980682015 0.191121995
vt 0.964120984 0.0218180995
vt 0.95242399 0.215801999
vt 0.969344974 0.218842998
vt 0.119796999 0.785085022
vt 0.182752997 0.770799994
vt 0.212220997 0.826153994
vt 0.0478694998 0.807192028
vt 0.302118003 0.342902988
vt 0.276529998 0.342691988
vt 0.0728707016 0.959571004
vt 0.129409 0.994153023
vt 0.0245749 0.481023997
vt 0.0186323002 0.46231401
vt 0.0342273004 0.455862999
vt 0.0171837993 0.464549005
vt 0.0261244997 0.491452992
vt 0.0538209006 0.478379011
vt 0.0385681987 0.458245993
vt 0.0509137996 0.475973994
vt 0.0161079001 0.475391001
vt 0.0326434001 0.466351002
vt 0.0506732985 0.482703
vt 0.0131227002 0.482284009
vt 0.0556495003 0.962502003
vt 0.111804001 0.994364977
vt 0.599551022 0.814320028
vt 0.571943998 0.814827979
vt 0.515977979 0.810061991
vt 0.703575015 0.739440024
vt 0.744940996 0.748188019
vt 0.782151997 0.757228017
vt 0.589691997 0.862277985
vt 0.652814984 0.835951984
vt 0.59265101 0.865648985
vt 0.525829017 0.862103999
vt 0.461113989 0.100110002
vt 0.187546998 0.580493987
vt 0.251524001 0.66099298
vt 0.233469993 0.594370008
vt 0.236683995 0.571538985
vt 0.251466006 0.660916984
vt 0.217623994 0.690487027
vt 0.172717005 0.683963001
vt 0.217767 0.705538988
vt 0.172717005 0.683963001
vt 0.201406002 0.881132007
vt 0.180504993 0.856413007
vt 0.204855993 0.854744017
vt 0.224427 0.736204028
vt 0.212220997 0.826153994
vt 0.0825480968 0.318078011
vt 0.972513974 0.834294021
vt 0.188324004 0.580757976
vt 0.396427989 0.328566015
vt 0.149937004 0.716772974
vt 0.163025007 0.883934975
vt 0.150037006 0.937474012
vt 0.132567003 0.614521027
vt 0.139521003 0.618578017
vt 0.130291 0.661965013
vt 0.131697997 0.574645996
vt 0.172106996 0.748184025
vt 0.0377086997 0.460619003
vt 0.0357888006 0.449328989
vt 0.0237885993 0.456925005
vt 0.734844983 0.79589802
vt 0.728030026 0.797735989
vt 0.705129027 0.760591984
vt 0.76789701 0.805464983
vt 0.0172735993 0.496473014
vt 0.0216968991 0.483480006
vt 0.00681999 0.486635
vt 0.774582028 0.803017974
vt 0.519316018 0.859394014
vt 0.986231029 0.753139019
vt 0.970981002 0.708091021
vt 0.928232014 0.746865988
vt 0.936666012 0.704617023
vt 0.899025023 0.691708982
vt 0.422057986 0.473710001
vt 0.389685988 0.409662992
vt 0.400449991 0.423224986
vt 0.426290989 0.475335985
vt 0.389685988 0.409662992
vt 0.422057986 0.473710001
vt 0.869677007 0.609411001
vt 0.60977 0.678897977
vt 0.534796 0.681630015
vt 0.596150994 0.611025989
vt 0.51444602 0.59683001
vt 0.623854995 0.596566975
vt 0.536738992 0.612879992
vt 0.639127016 0.719989002
vt 0.513575971 0.724748015
vt 0.752246022 0.691914976
vt 0.669246972 0.686989009
vt 0.750235021 0.613497972
vt 0.644070983 0.601243019
vt 0.789362013 0.605771005
vt 0.669780016 0.615235984
vt 0.777805984 0.732336998
vt 0.646040022 0.732820988
vt 0.302302986 0.427554011
vt 0.369771987 0.489084989
vt 0.307817012 0.504157007
vt 0.349162012 0.416451991
vt 0.392051995 0.406291008
vt 0.426290989 0.475335985
vt 0.743879974 0.221016005
vt 0.683700025 0.188025996
vt 0.639473975 0.187434003
vt 0.569598973 0.175046995
vt 0.57418102 0.149577007
vt 0.861341 0.172721997
vt 0.820446014 0.171504006
vt 0.820309997 0.156917006
vt 0.859901011 0.155752003
vt 0.74288398 0.220346004
vt 0.742806971 0.182501003
vt 0.685598016 0.159315005
vt 0.637480974 0.159905002
vt 0.747954011 0.157390997
vt 0.685285985 0.135876
vt 0.635272026 0.124966003
vt 0.748780012 0.138800994
vt 0.81904 0.133858994
vt 0.815017998 0.0122050997
vt 0.750150979 0.113325998
vt 0.638194025 0.0168092996
vt 0.679822981 0.0230179001
vt 0.593701005 0.0170772001
vt 0.573539019 0.133393005
vt 0.924871981 0.118178003
vt 0.927016973 0.150040999
vt 0.853745997 0.126185
vt 0.166461006 0.46133101
vt 0.162236005 0.516194999
vt 0.127431005 0.456921995
vt 0.113973998 0.510666013
vt 0.289646 0.456739992
vt 0.303562999 0.516934991
vt 0.271358013 0.458728999
vt 0.275709987 0.516771019
vt 0.234835997 0.454308003
vt 0.234824002 0.525640011
vt 0.203507006 0.45262599
vt 0.200367004 0.517329991
vt 0.202546 0.452188998
vt 0.166422993 0.46062699
vt 0.170175001 0.411965013
vt 0.132170007 0.410807997
vt 0.295785993 0.427751988
vt 0.263226002 0.421622992
vt 0.233784005 0.415028006
vt 0.206031993 0.410977989
vt 0.206890002 0.402099997
vt 0.205226004 0.411246985
vt 0.171118006 0.411525011
vt 0.169863999 0.402150005
vt 0.107114002 0.377333999
vt 0.134249002 0.397320002
vt 0.0939951017 0.412263006
vt 0.070959799 0.402049989
vt 0.310283989 0.418182999
vt 0.29577601 0.419589013
vt 0.296209008 0.405373991
vt 0.262795001 0.41395101
vt 0.234203994 0.380302012
vt 0.233937994 0.401302993
vt 0.0770262033 0.373782992
vt 0.0339263007 0.389795989
vt 0.0510899015 0.372406989
vt 0.352892995 0.405319989
vt 0.338692009 0.387793988
vt 0.323762 0.370321989
vt 0.298837006 0.370754987
vt 0.202185005 0.380988002
vt 0.166975006 0.380313009
vt 0.170718998 0.393059999
vt 0.202314004 0.373268992
vt 0.202543005 0.380854994
vt 0.205770001 0.394540012
vt 0.166354001 0.380439997
vt 0.170341 0.393153012
vt 0.137389004 0.378921986
vt 0.168792993 0.402249992
vt 0.367700011 0.385838985
vt 0.350062013 0.373521
vt 0.0322875008 0.371408999
vt 0.323664993 0.364793986
vt 0.323762 0.370321989
vt 0.29874 0.365227014
vt 0.298837006 0.370754987
vt 0.206650004 0.401960999
vt 0.206954002 0.39486599
vt 0.169505 0.401962012
vt 0.170718998 0.393059999
vt 0.233808994 0.373017997
vt 0.234203994 0.380302012
vt 0.202416003 0.373566002
vt 0.202543005 0.380854994
vt 0.167411998 0.372303993
vt 0.166354001 0.380439997
vt 0.138104007 0.370768011
vt 0.137389004 0.378921986
vt 0.105619997 0.369064003
vt 0.107114002 0.377333999
vt 0.373012006 0.379738986
vt 0.367700011 0.385838985
vt 0.351933002 0.365644991
vt 0.350062013 0.373521
vt 0.0765329003 0.367543995
vt 0.0770262033 0.373782992
vt 0.0506395996 0.366171002
vt 0.0510899015 0.372406989
vt 0.0326122008 0.36521399
vt 0.0322875008 0.371408999
vt 0.976795018 0.0638256967
vt 0.940539002 0.0677098036
vt 0.946155012 0.0208786
vt 0.976098001 0.111527003
vt 0.938099027 0.146163002
vt 0.233328 0.408118993
vt 0.745317996 0.184358999
vt 0.0880224034 0.507674992
vt 0.100800999 0.451231003
vt 0.0971340984 0.430211008
vt 0.738076985 0.0192462001
vt 0.746002972 0.138063997
vt 0.868592978 0.0143015999
vt 0.926892996 0.0205464009
vt 0.205849007 0.402460992
vt 0.928690016 0.187224001
vt 0.752537012 0.158245996
vt 0.739657998 0.0199721996
vt 0.745222986 0.115048997
vt 0.206954002 0.39486599
vt 0.167768002 0.372547001
vt 0.981042981 0.191567004
vt 0.942771018 0.182304993
vt 0.981658995 0.153536007
vt 0.964480996 0.0222632997
vt 0.969704986 0.219288006
vt 0.952784002 0.216247007
vt 0.242109001 0.256875992
vt 0.185415 0.237185001
vt 0.224235997 0.262843996
vt 0.0714771003 0.275754988
vt 0.0621487983 0.274800986
vt 0.695342004 0.738645971
vt 0.700667977 0.760280013
vt 0.593877971 0.738574028
vt 0.0610403009 0.27471599
vt 0.0711544976 0.275754988
vt 0.392051995 0.406291008
vt 0.0964146033 0.984511018
vt 0.0964146033 0.989533007
vt 0.097938098 0.989109993
vt 0.0989257023 0.98714602
vt 0.0982495993 0.985544026
vt 0.0945796967 0.985544026
vt 0.0939034969 0.98714602
vt 0.0948911011 0.989109993
vn -0.00966016389 -0.999484241 -0.0306253992
vn -0.617796838 -0.769401848 0.162320331
vn -0.00014808905 -0.987936795 0.154857725
vn -0.221578404 -0.298214793 -0.928423882
vn 0.00343190623 -0.425370753 -0.905012667
vn -0.235828012 -0.212352917 -0.948309779
vn -0.357475966 0.0279883575 -0.933502853
vn -0.214986071 0.171402514 -0.961458325
vn -0.506150126 -0.79505378 0.334217817
vn -0.24972415 -0.893867731 0.372341663
vn -0.000114649883 -0.963310063 0.268390924
vn 0 -0.950627208 0.310335159
vn -0.995412409 0.0744492635 0.0600956939
vn -0.945476174 -0.181439221 0.270471185
vn -0.805034459 -0.364192158 0.468277246
vn -0.895545006 0.117612056 0.42914632
vn 0 -0.973834872 -0.227256775
vn -0.187155932 -0.918939054 -0.347165167
vn 0 -0.85791868 -0.513785541
vn -0.35120374 -0.675463796 -0.648386121
vn 0 -0.85791868 -0.513785541
vn -0.187155932 -0.918939054 -0.347165167
vn -1.38414258e-09 -0.995745301 0.0921482891
vn -0.0546259806 -0.996050417 0.0699971542
vn -0.572570324 -0.404009759 -0.713399887
vn -0.389108509 -0.638803005 -0.663720787
vn -0.445388407 -0.256059021 -0.857941091
vn -0.867371678 0.0630912706 0.493645459
vn -0.800122261 -0.168808609 0.575593591
vn -0.348530799 -0.932752907 0.092186287
vn -0.401823491 -0.502117574 0.765777946
vn 0.235474095 -0.483069003 0.843324542
vn -0.430221111 0.190909624 -0.882305682
vn -0.712316632 0.119816609 -0.6915555
vn -0.990709245 0.0650794208 -0.119414791
vn -0.651490271 0.608579516 -0.452980578
vn -0.683051586 -0.454604089 -0.571642935
vn -0.444431007 0.894256473 -0.0527870879
vn -0.228865296 0.968797624 0.0951409116
vn -0.468129933 0.819796622 0.32983008
vn -0.705703855 0.636525691 -0.311154544
vn -0.748317182 -0.572915375 -0.334349155
vn -0.493269742 -0.821102798 -0.287184834
vn -0.348530799 -0.932752907 0.092186287
vn -0.337223411 -0.940004647 0.0516879968
vn -0.670685053 -0.604673445 0.429594725
vn -0.338766187 -0.0791976005 -0.937531412
vn -0.171411023 -0.738088727 -0.652566671
vn -0.228485793 0.0377941132 -0.972813368
vn -0.405535847 -0.913464725 0.0335097313
vn -0.412671447 -0.789867222 0.453665078
vn -0.493269742 -0.821102798 -0.287184834
vn -0.348530799 -0.932752907 0.092186287
vn -0.401823491 -0.502117574 0.765777946
vn -0.841602743 0.258191824 0.474385679
vn -0.404466212 0.626466393 0.666293442
vn -0.412671447 -0.789867222 0.453665078
vn -0.348530799 -0.932752907 0.092186287
vn -0.899813354 0.0776174068 -0.42931512
vn -0.856303513 0.51230967 0.0654456988
vn -0.882594824 -0.470005333 0.0110187158
vn 0.476216882 0.747393906 0.463270783
vn 0.0445018969 0.996511757 0.0705964714
vn -0.0253672823 -0.996609032 0.0782746673
vn 0.550081313 -0.490293384 0.676034749
vn 0.476216882 0.747393906 0.463270783
vn 0.748546481 0.292467386 0.595097423
vn -8.71722694e-09 -0.857996583 -0.513655424
vn -0.625810981 -0.697758734 -0.348558933
vn 5.66035974e-09 -0.947567225 -0.319556564
vn -0.675879002 -0.624731123 -0.391022474
vn -0.9606511 0.161968619 -0.225644901
vn -0.89663136 0.24479574 -0.368954211
vn -0.404466212 0.626466393 0.666293442
vn -0.24258852 -0.534002721 -0.809933245
vn -0.267577499 -0.959994555 0.0825393423
vn -0.307323545 -0.879723251 -0.362821251
vn -0.405535847 -0.913464725 0.0335097313
vn -0.40488115 -0.659131646 0.633732378
vn -0.267577499 -0.959994555 0.0825393423
vn -0.267577499 -0.959994555 0.0825393423
vn -0.444437623 0.877539575 -0.179998517
vn -1.37267134e-05 0.999741971 0.0227142554
vn -0.389703989 0.920003057 0.0415355451
vn -0.0978722498 0.995013058 -0.0192363095
vn -0.0280465577 0.305549592 -0.951763034
vn 0.0931990519 0.421116263 -0.902205646
vn -0.106118418 0.315316945 -0.94303453
vn -0.389703989 0.920003057 0.0415355451
vn -0.746365309 0.6654917 -0.00772240525
vn -0.444437623 0.877539575 -0.179998517
vn -0.214986071 0.171402514 -0.961458325
vn -0.357475966 0.0279883575 -0.933502853
vn -5.2620293e-05 0.9574368 0.288643062
vn -0.475499839 0.847108483 0.237291321
vn -9.41085091e-05 0.987481177 0.157736897
vn -0.475499839 0.847108483 0.237291321
vn -0.232025057 0.805328369 0.545536935
vn -0.737487972 0.377695978 0.559872508
vn -0.78200227 0.562348247 0.268769205
vn -0.895545006 0.117612056 0.42914632
vn -0.945476174 -0.181439221 0.270471185
vn 0 0.861493111 -0.507769287
vn -4.21881285e-09 0.827008367 -0.562189639
vn -0.0614511557 0.812236309 -0.580082715
vn -0.203523859 0.789339483 -0.579241991
vn -2.97347083e-06 0.958833218 0.28396973
vn 0.0101830633 0.956186891 0.29257977
vn -0.232025057 0.805328369 0.545536935
vn -7.1836963e-09 0.857298315 -0.51481998
vn -0.0913914964 0.736619413 -0.670104027
vn -0.128889769 0.802992463 -0.581885278
vn -0.152995929 0.769047856 -0.620610714
vn -0.266815394 0.546701431 -0.793679476
vn -0.430221111 0.190909624 -0.882305682
vn -0.445388407 -0.256059021 -0.857941091
vn -0.866106153 0.397310555 0.303322315
vn -0.715367615 0.690722704 -0.105599679
vn -0.918350697 0.370228142 0.1398682
vn 1.98647032e-09 0.90892446 -0.416960776
vn -0.527036071 0.757610917 -0.38504371
vn -0.89663136 0.24479574 -0.368954211
vn -0.406020105 0.779092669 -0.477663398
vn -0.834291875 0.545534432 -0.0796824172
vn -0.854333282 0.448586881 -0.262458563
vn -0.597736776 0.766340017 -0.235443711
vn -0.951121509 0.30835548 0.0168737341
vn -0.871241987 0.428881377 0.238742918
vn -0.967109621 0.193516761 0.165076479
vn -0.879040658 0.196009681 0.434589088
vn -0.867371678 0.0630912706 0.493645459
vn -0.228590772 0.496864527 -0.837180912
vn -0.18637374 0.635246038 -0.749484718
vn -0.228485793 0.0377941132 -0.972813368
vn -0.218099341 0.75505048 -0.618329585
vn -0.597736776 0.766340017 -0.235443711
vn -0.834291875 0.545534432 -0.0796824172
vn -0.841602743 0.258191824 0.474385679
vn -0.404466212 0.626466393 0.666293442
vn -0.871241987 0.428881377 0.238742918
vn -0.533119798 0.839170575 -0.107591994
vn -0.9606511 0.161968619 -0.225644901
vn 0 0.99923861 -0.0390161239
vn -0.487247288 0.818039417 -0.305616766
vn -0.675589323 0.715117216 0.179405674
vn 0.070037052 0.98568666 -0.153351352
vn 0.021206161 0.999554753 0.0209899116
vn -0.269365311 0.778775513 -0.566525459
vn -0.187828511 0.886205316 0.423509806
vn -0.553326726 0.554398537 0.621668577
vn -0.228485793 0.0377941132 -0.972813368
vn -0.5703789 0.679056287 -0.462115169
vn -0.266925573 0.814539969 -0.515048862
vn -0.440659702 -0.765852928 -0.468282253
vn -0.241085395 -0.856823146 -0.455776215
vn 0.00663516857 -0.911262274 -0.411773056
vn 9.72656733e-10 -0.917940497 -0.396718115
vn 0.0178085472 -0.821985662 0.569229722
vn -0.444638163 -0.892790318 0.0722661912
vn 0.0430406146 -0.870683849 0.48995623
vn 0.373868406 -0.254369706 0.891918421
vn 0.0122616235 -0.9991225 -0.0400489047
vn -0.443379223 -0.818405032 -0.36555168
vn 0.0430406146 -0.870683849 0.48995623
vn 0.0122616235 -0.9991225 -0.0400489047
vn 0 -0.895196676 0.44567135
vn 9.72656733e-10 -0.917940497 -0.396718115
vn -1.22446471e-08 -0.948518038 -0.316723078
vn 0.00663516857 -0.911262274 -0.411773056
vn 0 -0.895196676 0.44567135
vn -1.96462508e-07 -0.304987013 0.952356517
vn 0.553745806 -0.444730967 0.703974426
vn 2.25112515e-08 -0.0453269072 0.998972237
vn 0.67909497 0.382720411 0.62638253
vn 6.69779954e-10 0.91441679 0.404773951
vn 0.0013859265 0.985331714 0.170644209
vn -0.189953461 0.967675328 0.165898055
vn -0.0457988717 0.782294512 0.621222794
vn -0.255359441 0.965924263 0.0422118828
vn -0.616399229 0.770691633 -0.161512733
vn -0.368498683 0.89312315 -0.257952988
vn -0.00563726015 0.99994427 0.00892799534
vn -0.368498683 0.89312315 -0.257952988
vn -0.616399229 0.770691633 -0.161512733
vn -0.868899941 0.27197814 -0.413570732
vn -0.900075316 0.255129784 -0.353232592
vn -0.429405123 0.902782917 -0.0243764035
vn 0.338006645 0.936908722 0.089182429
vn -0.214831859 0.951270819 -0.221203774
vn -0.971727908 0.0789946616 -0.222496673
vn -0.87330246 0.436123252 -0.217115939
vn -0.896745384 0.298090696 -0.327092677
vn 0.230782047 0.856664598 0.461373419
vn -0.440659702 -0.765852928 -0.468282253
vn -0.834808707 -0.387100369 -0.391468674
vn -0.814692676 -0.388467193 -0.430545121
vn -0.878432274 -0.387534797 -0.279595286
vn -0.443379223 -0.818405032 -0.36555168
vn -0.403216809 -0.895457149 -0.188607365
vn -0.845875025 -0.479802161 -0.232992083
vn -0.52097559 -0.850379944 0.0737454146
vn 0.67909497 0.382720411 0.62638253
vn 0.535406947 -0.835463524 0.123855054
vn 0.565135956 -0.79808557 0.208999574
vn 0.96022743 -0.16596739 0.224539816
vn 0.48775056 0.860565782 0.146717235
vn -0.970242977 0.241049111 -0.0228881631
vn -0.938128889 -0.343366265 -0.044875443
vn -0.977059066 0.210337326 0.0333733074
vn -0.463818192 -0.885929763 -0.00103951595
vn 0.675459981 -0.718167424 0.167300239
vn -0.297753245 -0.951995671 0.0710444152
vn 0.978673816 -0.00854425784 0.205242813
vn 0.972055793 -0.0585025772 0.227343425
vn 0.584078014 0.784797311 0.207234353
vn 0.96022743 -0.16596739 0.224539816
vn -0.91009587 -0.361267358 -0.203005806
vn -0.880332649 0.163041264 -0.445457011
vn -0.241085395 -0.856823146 -0.455776215
vn -0.129174173 0.983017385 -0.13034904
vn -0.255359441 0.965924263 0.0422118828
vn 0.00437302515 0.999344766 0.0359299257
vn 9.72656733e-10 -0.917940497 -0.396718115
vn -0.084523052 -0.910920322 -0.40383172
vn 1.97592824e-13 -0.915323615 -0.40271908
vn -0.965256274 0.137965351 -0.221914127
vn -0.74939692 -0.583212614 -0.313476056
vn -0.531264186 0.845668256 0.0510246977
vn -0.642323494 0.670190871 -0.371839643
vn -0.868120372 -0.426678956 -0.253598332
vn -0.966601789 0.213924557 -0.141128659
vn -0.348914385 0.935194016 -0.0605878197
vn -0.674253166 0.723072469 -0.150162622
vn 2.25112515e-08 -0.0453269072 0.998972237
vn -0.933846712 -0.357122481 0.0198444631
vn -0.444638163 -0.892790318 0.0722661912
vn -0.904357314 -0.384579331 -0.185031369
vn -0.902591109 -0.397152245 -0.166130751
vn -0.904357314 -0.384579331 -0.185031369
vn -0.969511211 0.172309518 -0.174233973
vn -1.96462508e-07 -0.304987013 0.952356517
vn 0.373868406 -0.254369706 0.891918421
vn -0.084523052 -0.910920322 -0.40383172
vn 0.972055793 -0.0585025772 0.227343425
vn 0.978673816 -0.00854425784 0.205242813
vn 0.553745806 -0.444730967 0.703974426
vn -0.403216809 -0.895457149 -0.188607365
vn 0.0349423029 -0.94798106 -0.31640318
vn 0.0349423029 -0.94798106 -0.31640318
vn 0.00663516857 -0.911262274 -0.411773056
vn -1.22446471e-08 -0.948518038 -0.316723078
vn -0.651984453 0.750878811 0.105343811
vn -0.970242977 0.241049111 -0.0228881631
vn -0.977059066 0.210337326 0.0333733074
vn -1.22446471e-08 -0.948518038 -0.316723078
vn 0 -0.989318609 -0.145769507
vn 0.0349423029 -0.94798106 -0.31640318
vn 0.96022743 -0.16596739 0.224539816
vn -0.828198254 0.0616860092 -0.557030082
vn -0.404466212 0.626466393 0.666293442
vn -0.267577499 -0.959994555 0.0825393423
vn 0.550081313 -0.490293384 0.676034749
vn 0.748546481 0.292467386 0.595097423
vn 0.756269574 -0.453258127 0.471819252
vn -0.267577499 -0.959994555 0.0825393423
vn 0.476216882 0.747393906 0.463270783
vn 0.0445018969 0.996511757 0.0705964714
vn -0.269365311 0.778775513 -0.566525459
vn -0.487247288 0.818039417 -0.305616766
vn -0.174836785 0.85015589 -0.496655852
vn -3.35070804e-10 0.999181867 -0.0404418558
vn 0 0.946058512 -0.323995858
vn 0.0291154124 0.913588166 -0.405597061
vn -7.86309595e-09 -0.809632361 -0.586937308
vn -0.584055901 -0.697155237 -0.415756285
vn -0.887002587 0.0573229715 -0.458192617
vn -0.887002587 0.0573229715 -0.458192617
vn -0.671346962 0.716715813 -0.188710541
vn -2.67339906e-09 0.999057472 -0.0434075035
vn 0.0216762982 0.101811416 -0.994567513
vn -7.86309595e-09 -0.809632361 -0.586937308
vn 0.0151053835 0.13020435 -0.991372108
vn -0.584055901 -0.697155237 -0.415756285
vn 0.0151053835 0.13020435 -0.991372108
vn -7.86309595e-09 -0.809632361 -0.586937308
vn 0.0151053835 0.13020435 -0.991372108
vn -0.584055901 -0.697155237 -0.415756285
vn 0.139735952 0.330921352 -0.933255017
vn -0.887002587 0.0573229715 -0.458192617
vn 0.139735952 0.330921352 -0.933255017
vn -0.584055901 -0.697155237 -0.415756285
vn 0.139735952 0.330921352 -0.933255017
vn 0.255306751 0.422006637 -0.869901657
vn -1.58944573e-08 0.451770872 -0.892134011
vn -0.084523052 -0.910920322 -0.40383172
vn -0.432087392 -0.860331714 -0.27042526
vn -0.00966016389 -0.999484241 -0.0306253992
vn 1.97592824e-13 -0.915323615 -0.40271908
vn -0.74939692 -0.583212614 -0.313476056
vn -0.952281296 -0.235440269 -0.194237396
vn -0.965256274 0.137965351 -0.221914127
vn -0.348914385 0.935194016 -0.0605878197
vn -0.0978722498 0.995013058 -0.0192363095
vn -0.444437623 0.877539575 -0.179998517
vn -0.674253166 0.723072469 -0.150162622
vn -0.820712686 0.530794799 -0.211394325
vn -0.965256274 0.137965351 -0.221914127
vn -0.952281296 -0.235440269 -0.194237396
vn -0.0174565986 -0.998548746 -0.0509476066
vn -0.695109308 -0.715606511 0.0687776133
vn -0.995412409 0.0744492635 0.0600956939
vn -0.606456995 -0.755029917 -0.249278426
vn -0.0719094202 -0.681338668 -0.728427529
vn -0.24258852 -0.534002721 -0.809933245
vn 0.164802238 -0.0492508113 -0.985096216
vn 0.164802238 -0.0492508113 -0.985096216
vn -0.00118287478 0.839527309 -0.543316185
vn -0.495880753 0.819899142 -0.286125332
vn -0.347281635 0.855781674 -0.383449018
vn -0.605491996 0.784673154 -0.132919103
vn -0.266925573 0.814539969 -0.515048862
vn -0.260391712 0.792565346 -0.551394939
vn -0.18637374 0.635246038 -0.749484718
vn -0.5703789 0.679056287 -0.462115169
vn -0.5703789 0.679056287 -0.462115169
vn 0.0013859265 0.985331714 0.170644209
vn 0.00437302515 0.999344766 0.0359299257
vn -0.255359441 0.965924263 0.0422118828
vn -0.674253166 0.723072469 -0.150162622
vn -0.606456995 -0.755029917 -0.249278426
vn -0.270284683 0.954486847 0.126099125
vn -0.187828511 0.886205316 0.423509806
vn -0.0551997051 0.679971993 -0.731157362
vn -0.0806049779 0.588320553 -0.804600418
vn -0.856303513 0.51230967 0.0654456988
vn -0.632691026 0.0113881733 0.774320543
vn -0.988944709 0.0286983419 0.145481125
vn -0.882594824 -0.470005333 0.0110187158
vn -0.270284683 0.954486847 0.126099125
vn -0.783975482 0.583958626 -0.210653275
vn -0.989447176 -0.07806205 -0.122067854
vn -0.989447176 -0.07806205 -0.122067854
vn -0.969511211 0.172309518 -0.174233973
vn -0.556016445 -0.776927412 0.295346379
vn -0.588132918 0.800779104 -0.113369033
vn 0.0941084325 -0.277242035 -0.956180155
vn -0.102825284 -0.800645053 0.590249479
vn 6.19084688e-07 0.98616904 0.165742755
vn -0.294383556 0.955414116 -0.0228502601
vn -0.312393963 0.947154701 0.0728561729
vn 2.31266476e-05 0.936389148 -0.350963533
vn -0.770939767 0.629258454 0.0984157026
vn -0.711806774 0.698264897 0.0758766308
vn -0.711800039 0.698272347 0.0758714005
vn -0.77625674 0.622349262 0.100532621
vn -0.801189184 0.588083506 0.110696487
vn -0.74939692 -0.583212614 -0.313476056
vn 0.630372226 -0.761582136 0.15041101
vn 0.594740927 -0.803799272 -0.0137814274
vn 0.543484926 -0.802140713 0.247375056
vn 0.966404319 -0.229450002 0.115824983
vn 0.990836322 -0.0838525444 -0.105887234
vn 0.25012973 -0.893743455 0.372367769
vn 0.508080602 -0.791724682 0.339154959
vn 0.945696712 -0.178186774 0.271858901
vn 0.97490418 0.140032962 0.173068106
vn 0.891395569 0.116693467 0.437945843
vn 0.80391258 -0.361735404 0.472093284
vn 0.187156111 -0.918938994 -0.347165227
vn 0.187156111 -0.918938994 -0.347165227
vn 0.351203799 -0.675464213 -0.648385704
vn 0.0546260178 -0.996050417 0.0699971616
vn 0.445399433 -0.256056279 -0.857936203
vn 0.3891083 -0.63880378 -0.663720191
vn 0.572570324 -0.404010624 -0.713399351
vn 0.802023649 -0.170867175 0.572330713
vn 0.867094755 0.0601544715 0.494497865
vn -0.233152673 -0.478879601 0.846353471
vn 0.397771806 -0.501312375 0.768416226
vn 0.351591378 -0.931212246 0.0960583091
vn 0.430221081 0.190910205 -0.882305562
vn 0.652759671 0.608432591 -0.45134756
vn 0.99135673 0.0653333291 -0.113768965
vn 0.713687241 0.120165415 -0.690080225
vn 0.684267998 -0.454167634 -0.57053405
vn 0.472291738 0.818728566 0.326533377
vn 0.230482966 0.968433917 0.0949387029
vn 0.455589324 0.889549375 -0.0337682851
vn 0.697197258 0.664388657 -0.269264996
vn 0.351591378 -0.931212246 0.0960583091
vn 0.494580358 -0.820753217 -0.285927415
vn 0.751387358 -0.570116401 -0.332241356
vn 0.340187043 -0.938977003 0.0509406403
vn -0.564975619 -0.4938173 0.661019683
vn 0.340187043 -0.938977003 0.0509406403
vn 0.673476279 -0.60324645 0.427227527
vn 0.338769853 -0.07918901 -0.937530875
vn 0.228504255 0.0378011428 -0.972808778
vn 0.171418965 -0.738086104 -0.652567565
vn 0.494580358 -0.820753217 -0.285927415
vn 0.433498234 -0.786833167 0.439286709
vn 0.405806839 -0.913938046 0.0061667515
vn 0.351591378 -0.931212246 0.0960583091
vn 0.390689403 0.595552027 0.70191139
vn 0.841745377 0.257545739 0.474483848
vn 0.397771806 -0.501312375 0.768416226
vn 0.351591378 -0.931212246 0.0960583091
vn 0.433498234 -0.786833167 0.439286709
vn 0.83648175 0.544677496 0.0602059104
vn 0.899826109 0.0776158348 -0.429288656
vn 0.882589579 -0.470015019 0.0110217733
vn -0.0502545275 0.99660176 0.0652640685
vn -0.430299401 0.724198818 0.538867772
vn 0.0252224281 -0.996928394 0.074145712
vn -0.773427546 0.293444097 0.561872184
vn -0.430299401 0.724198818 0.538867772
vn 0.625811338 -0.697759032 -0.3485578
vn 0.675878584 -0.624731243 -0.39102307
vn 0.960651696 0.161968082 -0.22564283
vn 0.896631479 0.244795486 -0.368954182
vn 0.390689403 0.595552027 0.70191139
vn 0.242586449 -0.533999205 -0.809936225
vn 0.267782241 -0.959925056 0.0826833472
vn 0.307324916 -0.87972331 -0.36281997
vn 0.404251695 -0.657869756 0.635443151
vn 0.405806839 -0.913938046 0.0061667515
vn 0.267782241 -0.959925056 0.0826833472
vn 0.267782241 -0.959925056 0.0826833472
vn 0.392786682 0.918703496 0.0412610769
vn 0.425613731 0.887910068 -0.174552739
vn 0.000267392141 0.999818206 -0.0190663431
vn 0.0987506062 0.99493438 -0.0188117437
vn 0.815072358 0.563782871 -0.133439019
vn 0.425613731 0.887910068 -0.174552739
vn 0.819260359 0.524619997 -0.231487319
vn 0.425613731 0.887910068 -0.174552739
vn 0.747979283 0.659651101 0.0733992308
vn 0.392786682 0.918703496 0.0412610769
vn 0.966404319 -0.229450002 0.115824983
vn 0.990836322 -0.0838525444 -0.105887234
vn 0.479174823 0.843892872 0.241322011
vn 0.733918309 0.370685518 0.569171429
vn 0.231754601 0.804343522 0.54710263
vn 0.479174823 0.843892872 0.241322011
vn 0.780606031 0.563272297 0.270884722
vn 0.891395569 0.116693467 0.437945843
vn 0.945696712 -0.178186774 0.271858901
vn 0.0614511669 0.812236309 -0.580082715
vn 0.203523874 0.789339483 -0.579241931
vn 0.231754601 0.804343522 0.54710263
vn -0.0101815211 0.956188798 0.292573661
vn 0.152999714 0.769045591 -0.620612562
vn 0.128895968 0.802990198 -0.581887066
vn 0.091400668 0.736622691 -0.670099139
vn 0.445399433 -0.256056279 -0.857936203
vn 0.430221081 0.190910205 -0.882305562
vn 0.266841531 0.546699762 -0.793671846
vn 0.918350518 0.370228648 0.139867857
vn 0.715369701 0.690720677 -0.105599172
vn 0.86610949 0.397098094 0.303590894
vn 0.527036607 0.757610679 -0.385043502
vn 0.406020284 0.779092491 -0.477663487
vn 0.896631479 0.244795486 -0.368954182
vn 0.597738802 0.766338229 -0.235444382
vn 0.85433507 0.448581874 -0.262461156
vn 0.83429122 0.545535207 -0.0796838328
vn 0.951121688 0.308355153 0.0168729313
vn 0.967109799 0.193516433 0.165075958
vn 0.871241748 0.428881913 0.238742843
vn 0.878792524 0.1958974 0.435141206
vn 0.867094755 0.0601544715 0.494497865
vn 0.228595406 0.496865511 -0.837179065
vn 0.218081579 0.755053163 -0.618332565
vn 0.228504255 0.0378011428 -0.972808778
vn 0.186373904 0.635248065 -0.74948293
vn 0.83429122 0.545535207 -0.0796838328
vn 0.597738802 0.766338229 -0.235444382
vn 0.390689403 0.595552027 0.70191139
vn 0.841745377 0.257545739 0.474483848
vn 0.871241748 0.428881913 0.238742843
vn 0.960651696 0.161968082 -0.22564283
vn 0.533119857 0.839170516 -0.107592031
vn 0.675590038 0.715117753 0.179400951
vn 0.487248868 0.818038523 -0.305616647
vn -0.0212061591 0.999554753 0.020989906
vn -0.070037052 0.98568666 -0.153351352
vn 0.269366235 0.778772533 -0.566529036
vn 0.553347766 0.554144263 0.621876478
vn 0.187825665 0.886204302 0.423513204
vn 0.228504255 0.0378011428 -0.972808778
vn 0.570386052 0.679049432 -0.46211645
vn 0.266905576 0.814541698 -0.515056551
vn -0.00692093931 -0.910812318 -0.412762702
vn 0.249124035 -0.853590906 -0.457514763
vn 0.440347135 -0.756714404 -0.483195335
vn -0.0429743752 -0.870707691 0.489919662
vn 0.437451243 -0.89576596 0.0789923295
vn -0.0177622847 -0.821872294 0.569394767
vn -0.373844504 -0.254357964 0.891931772
vn -0.0122724203 -0.999122202 -0.0400523096
vn 0.455137163 -0.802175045 -0.386478215
vn -0.0122724203 -0.999122202 -0.0400523096
vn -0.0429743752 -0.870707691 0.489919662
vn -0.00692093931 -0.910812318 -0.412762702
vn -1.22446471e-08 -0.948518038 -0.316723078
vn 9.72656733e-10 -0.917940497 -0.396718115
vn -0.679096758 0.382721066 0.626380205
vn -0.553728521 -0.444731981 0.70398736
vn 0.187757701 0.969044209 0.160313398
vn 0.0457991324 0.782294333 0.621223032
vn 0.257616937 0.96535188 0.0415847786
vn 0.605708599 0.772110164 -0.192257613
vn 0.00562510081 0.99994719 0.00860003009
vn 0.369548947 0.893590391 -0.254813164
vn 0.85510391 0.270552248 -0.442265511
vn 0.605708599 0.772110164 -0.192257613
vn 0.369548947 0.893590391 -0.254813164
vn 0.903485894 0.239377543 -0.35554415
vn 0.21464099 0.95236361 -0.216639906
vn -0.337998152 0.936912179 0.0891787335
vn 0.428207189 0.903320312 -0.025514558
vn 0.897927225 0.284886777 -0.335508913
vn 0.870681524 0.437674761 -0.224398002
vn 0.969375372 0.0832788572 -0.231032416
vn -0.230782658 0.856664658 0.461373031
vn 0.783405066 -0.406494319 -0.470147759
vn 0.819192886 -0.404803395 -0.406272382
vn 0.440347135 -0.756714404 -0.483195335
vn 0.877107859 -0.379596829 -0.294258475
vn 0.842285216 -0.474374384 -0.255977571
vn 0.403362483 -0.894492328 -0.192826971
vn 0.455137163 -0.802175045 -0.386478215
vn 0.519826233 -0.851227045 0.072063677
vn -0.679096758 0.382721066 0.626380205
vn -0.960227251 -0.165973008 0.22453633
vn -0.566164494 -0.797267497 0.209337756
vn -0.53599304 -0.834960461 0.12470948
vn -0.487616271 0.860585749 0.147045955
vn 0.98346287 0.176336825 0.041305121
vn 0.919336438 -0.391762406 -0.0366429016
vn 0.965061188 0.259429216 -0.0367891788
vn 0.475046247 -0.879951119 0.00412800862
vn 0.309991956 -0.94820863 0.0693205595
vn -0.674476683 -0.718865991 0.168264329
vn -0.58411479 0.784562349 0.20801881
vn -0.971759439 -0.0582590774 0.228668913
vn -0.978326678 -0.00955854729 0.206846803
vn -0.960227251 -0.165973008 0.22453633
vn -0.97393173 0.0196324941 0.225990146
vn -0.978326678 -0.00955854729 0.206846803
vn -0.48505038 0.859121323 0.163207486
vn 0.634440839 0.766677856 0.0984368995
vn 0.771736145 0.633907914 0.050833866
vn 0.98346287 0.176336825 0.041305121
vn 0.986912668 0.0929103345 -0.131799102
vn 0.997279584 0.00402486883 0.0736017153
vn 0.656808555 -0.749375582 0.0838971138
vn 0.596144736 -0.785073757 -0.168138698
vn -0.768672943 -0.635372519 0.0737815276
vn -0.631180406 -0.74646455 0.210717753
vn -0.963462353 -0.0477540903 0.263552278
vn -0.97393173 0.0196324941 0.225990146
vn 0.572430849 0.818517864 -0.048491247
vn -0.462814331 0.843821466 0.271602988
vn -0.954694331 0.203375414 0.21724923
vn 0.716878057 0.695376933 0.0503665209
vn -0.514687598 0.836159527 0.189562336
vn -0.762386858 -0.635305882 -0.123096503
vn -0.977381766 -0.0607516058 0.202568918
vn -0.997176766 -0.073181197 0.0168229211
vn -0.779800951 -0.625808537 -0.0165577605
vn -0.376455516 0.912273586 0.161363229
vn 0.66164726 0.748411596 0.045858074
vn 0.997578025 -0.00480054319 -0.0693909079
vn 0.945678532 -0.187849209 -0.265338987
vn 0.986912668 0.0929103345 -0.131799102
vn 0.945678532 -0.187849209 -0.265338987
vn 0.371248066 -0.880351305 -0.2952227
vn 0.907506883 -0.36639753 -0.205387697
vn 0.896368325 0.117038168 -0.427581429
vn 0.249124035 -0.853590906 -0.457514763
vn 0.136164129 0.982799351 -0.12475884
vn 9.37373443e-06 0.976944745 -0.213492408
vn 0.257616937 0.96535188 0.0415847786
vn 0.0897735953 -0.91061902 -0.40337795
vn 0.95376277 0.122403987 -0.274506599
vn 0.755999207 -0.573295295 -0.315907776
vn -0.976014793 0.145159245 0.16224657
vn -0.779800951 -0.625808537 -0.0165577605
vn -0.614332497 -0.780188799 0.117902637
vn -0.973647296 0.196390942 0.115937777
vn 0.696711779 0.71728754 -0.00955255609
vn -0.376455516 0.912273586 0.161363229
vn -0.517772794 0.848191023 0.111729063
vn 0.66164726 0.748411596 0.045858074
vn 0.999096155 0.0408907533 -0.01161124
vn 0.997578025 -0.00480054319 -0.0693909079
vn 0.63667649 -0.77081871 0.0219446588
vn 0.562569201 -0.814718962 -0.140531063
vn -0.614332497 -0.780188799 0.117902637
vn 0.63667649 -0.77081871 0.0219446588
vn -0.981869161 0.162983373 0.0967956036
vn -0.475433767 -0.872211337 0.1149351
vn 0.668905139 0.731818795 -0.130411595
vn -0.473401159 0.880287647 0.0313849188
vn 0.993796527 0.0262656827 -0.108067714
vn 0.579320312 -0.811417937 -0.0773882195
vn 0.679828763 -0.733327925 -0.00793987792
vn -0.668813765 -0.742305577 0.0408726521
vn -0.475433767 -0.872211337 0.1149351
vn 0.679828763 -0.733327925 -0.00793987792
vn -0.67209065 0.633692324 -0.383051127
vn -0.981463492 0.187852085 -0.0379599929
vn -0.906791687 0.348149896 -0.237740323
vn -0.514705956 0.370683849 -0.773092031
vn 0.705784798 0.102571167 -0.700961471
vn -0.67209065 0.633692324 -0.383051127
vn -0.514705956 0.370683849 -0.773092031
vn 0.886557043 0.278191894 -0.369629413
vn 0.928586364 -0.146122545 -0.341138601
vn 0.979346573 -0.201103717 -0.0209195539
vn -0.798190892 0.111960001 -0.591908932
vn -0.704834104 0.361751914 -0.610200286
vn -0.306356251 0.565430939 -0.765789568
vn 0.385259002 0.348478705 -0.854481161
vn -0.306356251 0.565430939 -0.765789568
vn 0.833440602 0.100758977 -0.543345571
vn 0.813180864 -0.135371268 -0.56604898
vn -0.473735034 -0.877202451 -0.078044869
vn -0.69390893 -0.719839513 -0.0179297999
vn 0.397116601 -0.91031456 -0.116729729
vn 0.579320312 -0.811417937 -0.0773882195
vn 0.743979096 -0.660298407 -0.102474704
vn 0.397116601 -0.91031456 -0.116729729
vn -0.988788545 -0.12383607 0.0834374353
vn -0.69390893 -0.719839513 -0.0179297999
vn -0.473735034 -0.877202451 -0.078044869
vn -0.668813765 -0.742305577 0.0408726521
vn 0.463963538 0.809332967 -0.360163897
vn -0.31388256 0.882661879 -0.349836826
vn -0.31388256 0.882661879 -0.349836826
vn 0.147220194 -0.020277394 0.988895893
vn 0.990777314 0.135500148 0
vn 0.153476164 0.0369455181 0.987461448
vn 0.972057283 -0.234706119 0.00420709234
vn -0.372303426 -0.657494903 0.655050099
vn 0.370846987 -0.92848599 -0.0196539517
vn 0.275619835 -0.253668159 0.927192628
vn -0.796431482 -0.604021549 -0.0292381514
vn 0.275619835 -0.253668159 0.927192628
vn 0.928765118 -0.370634168 0.00506956503
vn 0.227558643 -0.0782971829 0.970611453
vn 0.370846987 -0.92848599 -0.0196539517
vn -0.250703961 -0.0348034762 0.967437983
vn -0.796431482 -0.604021549 -0.0292381514
vn -0.372303426 -0.657494903 0.655050099
vn -0.997340381 0.0710515156 -0.0162438136
vn -0.167159468 0.0292197801 0.985496759
vn -0.996629953 0.0807609409 -0.0143681364
vn 0.153067768 0.271629512 0.950151384
vn -0.178085878 0.984014928 0
vn -0.371534586 0.705255628 0.603801787
vn 0.786460936 0.617640018 0
vn -0.194371104 0.0935597569 0.976456046
vn -0.988008678 0.153749317 -0.0141426157
vn -0.173608676 0.00795575324 0.984782577
vn -0.798068821 0.601772308 -0.0309232716
vn -0.371534586 0.705255628 0.603801787
vn -0.178085878 0.984014928 0
vn 0.275619835 -0.253668159 0.927192628
vn 0.227558643 -0.0782971829 0.970611453
vn -0.250703961 -0.0348034762 0.967437983
vn -0.167159468 0.0292197801 0.985496759
vn 0.147220194 -0.020277394 0.988895893
vn 0.989463329 -0.029581869 -0.1417294
vn -0.963462353 -0.0477540903 0.263552278
vn 0.528479159 0.847490549 0.0496948548
vn 0.644993067 0.669969559 -0.367593139
vn 0.863667548 -0.424611986 -0.271630317
vn 0.965424418 0.215466946 -0.146729901
vn 0.694531977 0.705637276 -0.140361428
vn 0.355026156 0.933314323 -0.0536729693
vn 0.918903351 -0.393619865 0.0260783322
vn 0.902050972 -0.389369309 -0.186267361
vn 0.437451243 -0.89576596 0.0789923295
vn 0.900441229 -0.400714844 -0.169213533
vn -0.376455516 0.912273586 0.161363229
vn -0.517772794 0.848191023 0.111729063
vn -0.473401159 0.880287647 0.0313849188
vn -0.973647296 0.196390942 0.115937777
vn -0.977381766 -0.0607516058 0.202568918
vn 0.997578025 -0.00480054319 -0.0693909079
vn 0.562569201 -0.814718962 -0.140531063
vn 0.902050972 -0.389369309 -0.186267361
vn 0.967189789 0.177984878 -0.181288019
vn -0.373844504 -0.254357964 0.891931772
vn 0.0897735953 -0.91061902 -0.40337795
vn -0.971759439 -0.0582590774 0.228668913
vn -0.553728521 -0.444731981 0.70398736
vn -0.0351701267 -0.947903454 -0.316610366
vn 0.403362483 -0.894492328 -0.192826971
vn -1.22446471e-08 -0.948518038 -0.316723078
vn -0.00692093931 -0.910812318 -0.412762702
vn -0.0351701267 -0.947903454 -0.316610366
vn 0.965061188 0.259429216 -0.0367891788
vn -0.0351701267 -0.947903454 -0.316610366
vn 0.579320312 -0.811417937 -0.0773882195
vn 0.997279584 0.00402486883 0.0736017153
vn -0.954694331 0.203375414 0.21724923
vn -0.973647296 0.196390942 0.115937777
vn -0.997176766 -0.073181197 0.0168229211
vn 0.743979096 -0.660298407 -0.102474704
vn -0.668813765 -0.742305577 0.0408726521
vn -0.960227251 -0.165973008 0.22453633
vn 0.830322802 0.0617949367 -0.553846002
vn 0.390689403 0.595552027 0.70191139
vn 0.267782241 -0.959925056 0.0826833472
vn -0.785458982 -0.446962237 0.428110898
vn -0.773427546 0.293444097 0.561872184
vn -0.564975619 -0.4938173 0.661019683
vn 0.0252224281 -0.996928394 0.074145712
vn -0.785458982 -0.446962237 0.428110898
vn 0.267782241 -0.959925056 0.0826833472
vn -0.0502545275 0.99660176 0.0652640685
vn -0.430299401 0.724198818 0.538867772
vn -0.173608676 0.00795575324 0.984782577
vn 0.153476164 0.0369455181 0.987461448
vn -0.194371104 0.0935597569 0.976456046
vn -0.372303426 -0.657494903 0.655050099
vn 0.153067768 0.271629512 0.950151384
vn -0.371534586 0.705255628 0.603801787
vn 0.174836755 0.85015589 -0.496655911
vn 0.487248868 0.818038523 -0.305616647
vn 0.269366235 0.778772533 -0.566529036
vn -0.0291154124 0.913588166 -0.405597061
vn 0.584050894 -0.697158337 -0.415758133
vn 0.887002587 0.0573229715 -0.458192617
vn 0.671348214 0.716715157 -0.188708484
vn 0.887002587 0.0573229715 -0.458192617
vn -0.0151053853 0.13020438 -0.991372108
vn -7.86309595e-09 -0.809632361 -0.586937308
vn -0.000645005435 0.37062481 -0.928782463
vn -7.86309595e-09 -0.809632361 -0.586937308
vn -0.0151053853 0.13020438 -0.991372108
vn 0.584050894 -0.697158337 -0.415758133
vn -0.13974975 0.330918014 -0.933254123
vn 0.584050894 -0.697158337 -0.415758133
vn -0.0151053853 0.13020438 -0.991372108
vn 0.584050894 -0.697158337 -0.415758133
vn -0.13974975 0.330918014 -0.933254123
vn 0.887002587 0.0573229715 -0.458192617
vn -0.255312145 0.422005028 -0.869900823
vn -0.13974975 0.330918014 -0.933254123
vn 0.0897735953 -0.91061902 -0.40337795
vn 0.755999207 -0.573295295 -0.315907776
vn 0.95376277 0.122403987 -0.274506599
vn 0.355026156 0.933314323 -0.0536729693
vn 0.694531977 0.705637276 -0.140361428
vn 0.95376277 0.122403987 -0.274506599
vn 0.272155583 -0.428618282 -0.861520588
vn -0.208374634 -0.971078753 0.116559491
vn 0.161838725 -0.549125969 -0.819920063
vn 0.416105658 0.0241489187 -0.908995569
vn 0.97490418 0.140032962 0.173068106
vn 0.607315838 -0.754606843 -0.248467177
vn -0.164815053 -0.0492480434 -0.985094249
vn 0.242586449 -0.533999205 -0.809936225
vn 0.0719011649 -0.681336701 -0.728430152
vn -0.164815053 -0.0492480434 -0.985094249
vn 0.00119891029 0.839522719 -0.543323219
vn 0.497229725 0.819544196 -0.284798056
vn 0.347285628 0.855781674 -0.383445472
vn 0.606767416 0.783945024 -0.131390721
vn 0.186373904 0.635248065 -0.74948293
vn 0.260395825 0.792564511 -0.551394165
vn 0.266905576 0.814541698 -0.515056551
vn 0.570386052 0.679049432 -0.46211645
vn 0.570386052 0.679049432 -0.46211645
vn 0.257616937 0.96535188 0.0415847786
vn 0.694531977 0.705637276 -0.140361428
vn 0.607315838 -0.754606843 -0.248467177
vn 0.270284712 0.954486847 0.126099467
vn 0.187825665 0.886204302 0.423513204
vn 0.0552008487 0.679977119 -0.731152475
vn 0.0806075409 0.588320017 -0.804600477
vn 0.98894459 0.028690692 0.145483568
vn 0.632686734 0.01137501 0.774324298
vn 0.83648175 0.544677496 0.0602059104
vn 0.882589579 -0.470015019 0.0110217733
vn 0.270284712 0.954486847 0.126099467
vn 0.316967487 -0.123048693 0.940420449
vn 0.316967487 -0.123048693 0.940420449
vn 0.316967487 -0.123048693 0.940420449
vn 0.0483868457 0.511300743 -0.858038604
vn -0.122907825 0.52833128 -0.840095043
vn -0.354515344 0.702552617 -0.617040277
vn 0.416105658 0.0241489187 -0.908995569
vn 0.283281505 -0.075875558 0.956030607
vn 0.283281505 -0.075875558 0.956030607
vn 0.283281505 -0.075875558 0.956030607
vn 0.462106377 0.0452249385 -0.885670602
vn 0.462106377 0.0452249385 -0.885670602
vn 0.586676061 0.80123055 -0.117646866
vn 0.558920681 -0.802104473 0.210323885
vn 0.967189789 0.177984878 -0.181288019
vn -0.114704415 -0.191318318 -0.974802613
vn 0.0388200246 -0.901156723 0.431751788
vn 0.296764463 0.95471406 -0.0212580543
vn 0.316442907 0.945561409 0.0760101229
vn 0.723546267 0.684298754 0.090642266
vn 0.761756837 0.639152884 0.105877668
vn 0.758605957 0.643099904 0.104592241
vn 0.77632618 0.62032032 0.111894466
vn 0.755999207 -0.573295295 -0.315907776
vn -0.429002285 0.73872149 -0.519853413
vn -0.908734381 0.0532273389 -0.413967013
vn -0.867499352 0.497396469 0.00645530736
vn -0.61167115 -0.755875826 0.233474091
vn 0.184686944 0.897562385 0.400340527
vn -0.992019117 0.116253123 -0.0488184616
vn 0.248874888 0.838428855 -0.484869361
vn -0.257629126 -0.305333912 -0.91673249
vn 0.0703060403 0.934123278 -0.349958271
vn -0.701390326 0.681125164 -0.210047767
vn -0.352406472 0.908597708 0.224187121
vn -0.905295312 -0.315046728 0.284931481
vn 0.731708407 0.554458916 0.396457016
vn -0.639830351 0.754302502 0.147121847
vn 0.659317851 0.598069966 -0.455644906
vn -0.461519569 0.0478099734 -0.885840774
vn -0.186164021 -0.0104449624 0.982463181
vn -0.000375889853 -0.324642986 -0.945836544
vn -0.0733342469 -0.181590214 -0.98063606
vn 0.000187700323 -0.0994084775 0.995046675
vn 0.188285261 -0.0124333808 0.982035697
vn 0.0738857612 -0.178366572 -0.981186152
vn 0.974204421 0.0211592317 0.224673212
vn 0.484096587 0.859779179 0.162573949
vn -0.784661591 0.619118214 0.0316051841
vn -0.995649159 0.0616277568 0.0698913932
vn -0.986883402 0.0932338759 -0.131790161
vn -0.645243406 -0.75682956 0.104259238
vn 0.631839395 -0.745761216 0.211232513
vn 0.768676579 -0.635369062 0.073773019
vn -0.596006036 -0.785075068 -0.168623567
vn 0.974204421 0.0211592317 0.224673212
vn 0.96346432 -0.0477593727 0.263544112
vn 0.462813616 0.843823314 0.271598607
vn -0.572492063 0.818478286 -0.0484365076
vn 0.954694271 0.203375041 0.217249766
vn 0.514690399 0.836157739 0.189562708
vn -0.716877222 0.695377827 0.0503663905
vn 0.977381408 -0.060753677 0.202569872
vn 0.762397647 -0.635292411 -0.123099126
vn 0.779798687 -0.625811338 -0.0165583342
vn 0.997176826 -0.0731803626 0.0168226007
vn -0.661647797 0.748411119 0.0458582975
vn 0.376454145 0.912274182 0.161363363
vn -0.997578144 -0.00479533896 -0.0693891719
vn -0.945678055 -0.187839895 -0.265347272
vn -0.945678055 -0.187839895 -0.265347272
vn -0.986883402 0.0932338759 -0.131790161
vn -0.371235788 -0.88035202 -0.295235991
vn 0.614330769 -0.780190229 0.117902331
vn 0.779798687 -0.625811338 -0.0165583342
vn 0.976014793 0.14515917 0.162246585
vn 0.973647535 0.196389914 0.115937606
vn 0.517771721 0.8481915 0.111729987
vn 0.376454145 0.912274182 0.161363363
vn -0.696712792 0.717286527 -0.00955458265
vn -0.661647797 0.748411119 0.0458582975
vn -0.999096155 0.0408908911 -0.0116112866
vn -0.997578144 -0.00479533896 -0.0693891719
vn -0.636677921 -0.770817459 0.0219462141
vn -0.562569141 -0.814718962 -0.140531078
vn -0.636677921 -0.770817459 0.0219462141
vn 0.614330769 -0.780190229 0.117902331
vn 0.475433767 -0.872211337 0.1149351
vn 0.981868804 0.162985682 0.0967955515
vn 0.473396271 0.88029027 0.0313852802
vn -0.668909371 0.731813908 -0.130417407
vn -0.993795931 0.0262585171 -0.108074784
vn -0.679830015 -0.733326733 -0.00793992635
vn -0.579317808 -0.811419785 -0.0773877949
vn -0.679830015 -0.733326733 -0.00793992635
vn 0.475433767 -0.872211337 0.1149351
vn 0.668813646 -0.742305696 0.0408730581
vn 0.906793535 0.348147392 -0.23773706
vn 0.981464267 0.187849686 -0.0379529223
vn 0.672089696 0.633691907 -0.383053482
vn 0.514707983 0.370686918 -0.77308917
vn 0.514707983 0.370686918 -0.77308917
vn 0.672089696 0.633691907 -0.383053482
vn -0.705783844 0.102573283 -0.700962126
vn -0.88655895 0.278197467 -0.369620591
vn -0.928586781 -0.146119744 -0.341138631
vn -0.979347706 -0.201098651 -0.0209146403
vn 0.798190892 0.111959979 -0.591908991
vn 0.30635941 0.565428317 -0.765790284
vn 0.704827964 0.361749977 -0.610208571
vn 0.30635941 0.565428317 -0.765790284
vn -0.385252357 0.348487407 -0.854480624
vn -0.833436668 0.100768387 -0.543349802
vn -0.813180983 -0.135371208 -0.566048861
vn -0.39711374 -0.910314918 -0.11673677
vn 0.693911493 -0.719837189 -0.0179235917
vn 0.47373426 -0.877202928 -0.0780437365
vn -0.579317808 -0.811419785 -0.0773877949
vn -0.743978441 -0.66029793 -0.102482989
vn -0.39711374 -0.910314918 -0.11673677
vn 0.47373426 -0.877202928 -0.0780437365
vn 0.693911493 -0.719837189 -0.0179235917
vn 0.988787293 -0.123835832 0.0834526867
vn 0.668813646 -0.742305696 0.0408730581
vn 0.313882411 0.882650137 -0.34986645
vn -0.463965952 0.809330106 -0.360167205
vn 0.313882411 0.882650137 -0.34986645
vn -0.153476357 0.0369478576 0.987461329
vn -0.99077636 0.135507315 0
vn -0.147220209 -0.0202773847 0.988895893
vn -0.972057283 -0.234705999 0.0042070942
vn -0.275620192 -0.253666043 0.927193105
vn -0.370847106 -0.928486347 -0.0196346585
vn 0.372303188 -0.657495618 0.655049503
vn 0.796434343 -0.604017794 -0.0292381532
vn -0.22755985 -0.0782975778 0.970611155
vn -0.928766549 -0.370630354 0.00508168247
vn -0.275620192 -0.253666043 0.927193105
vn -0.370847106 -0.928486347 -0.0196346585
vn 0.372303188 -0.657495618 0.655049503
vn 0.796434343 -0.604017794 -0.0292381532
vn 0.250705808 -0.0348022468 0.967437565
vn 0.997340798 0.0710455999 -0.0162428282
vn 0.167160064 0.029217869 0.985496759
vn 0.99663049 0.0807543248 -0.0143670281
vn 0.371538222 0.705250263 0.60380578
vn 0.178087309 0.98401469 0
vn -0.153068259 0.271633089 0.950150311
vn -0.78645283 0.61765039 0
vn 0.173608691 0.00795575231 0.984782577
vn 0.988008678 0.153749302 -0.0141426139
vn 0.194371566 0.0935584456 0.976456106
vn 0.798075616 0.601763368 -0.0309229046
vn 0.371538222 0.705250263 0.60380578
vn 0.178087309 0.98401469 0
vn 0.250705808 -0.0348022468 0.967437565
vn -0.22755985 -0.0782975778 0.970611155
vn -0.275620192 -0.253666043 0.927193105
vn 0.167160064 0.029217869 0.985496759
vn -0.147220209 -0.0202773847 0.988895893
vn -0.989464819 -0.0295834299 -0.14171882
vn 0.96346432 -0.0477593727 0.263544112
vn 0.376454145 0.912274182 0.161363363
vn 0.517771721 0.8481915 0.111729987
vn 0.473396271 0.88029027 0.0313852802
vn 0.973647535 0.196389914 0.115937606
vn 0.977381408 -0.060753677 0.202569872
vn -0.562569141 -0.814718962 -0.140531078
vn -0.997578144 -0.00479533896 -0.0693891719
vn -0.579317808 -0.811419785 -0.0773877949
vn -0.995649159 0.0616277568 0.0698913932
vn 0.954694271 0.203375041 0.217249766
vn 0.973647535 0.196389914 0.115937606
vn 0.997176826 -0.0731803626 0.0168226007
vn -0.743978441 -0.66029793 -0.102482989
vn 0.668813646 -0.742305696 0.0408730581
vn 0.194371566 0.0935584456 0.976456106
vn -0.153476357 0.0369478576 0.987461329
vn 0.173608691 0.00795575231 0.984782577
vn 0.372303188 -0.657495618 0.655049503
vn 0.371538222 0.705250263 0.60380578
vn -0.153068259 0.271633089 0.950150311
vn -0.337223411 -0.940004647 0.0516879968
vn 0.756269574 -0.453258127 0.471819252
vn -0.0253672823 -0.996609032 0.0782746673
vn 0.355026156 0.933314323 -0.0536729693
vn 0.232506081 0.972270966 -0.025102295
vn 0.232506081 0.972270966 -0.025102295
vn 0.0987506062 0.99493438 -0.0188117437
vn -0.225431889 0.973805189 -0.0297298823
vn -0.225431889 0.973805189 -0.0297298823
vn -0.348914385 0.935194016 -0.0605878197
vn 0.723538101 0.684308231 0.0906358063
vn -0.000645005435 0.37062481 -0.928782463
vn -1.58944573e-08 0.451770872 -0.892134011
vn -0.255312145 0.422005028 -0.869900823
vn -0.13974975 0.330918014 -0.933254123
vn -0.0151053853 0.13020438 -0.991372108
vn 0.0151053835 0.13020435 -0.991372108
vn 0.139735952 0.330921352 -0.933255017
vn 0.255306751 0.422006637 -0.869901657
f 1/1/1 2/2/2 3/3/3
f 4/4/4 5/5/5 6/6/6
f 4/4/4 6/6/6 7/7/7
f 6/6/6 8/8/8 7/7/7
f 9/9/9 10/10/10 11/11/11
f 11/11/11 10/10/10 12/12/12
f 2/2/2 13/13/13 14/14/14
f 15/15/15 14/14/14 16/16/16
f 10/10/10 9/9/9 15/15/15
f 17/17/17 18/18/18 19/19/19
f 20/20/20 21/21/21 22/22/22
f 23/23/23 24/24/24 17/17/17
f 24/24/24 12/12/12 10/10/10
f 25/25/25 26/26/26 27/27/27
f 16/16/16 28/28/28 29/29/29
f 30/30/30 31/31/31 32/32/32
f 33/33/33 25/25/25 27/27/27
f 29/29/29 15/15/15 16/16/16
f 34/34/34 35/35/35 36/36/36
f 35/35/35 34/34/34 37/37/37
f 38/38/38 39/39/39 40/40/40
f 39/39/39 38/38/38 41/41/41
f 42/42/42 43/43/43 44/44/44
f 44/44/44 45/45/45 42/42/42
f 29/29/29 46/46/46 15/15/15
f 34/34/34 47/47/47 37/37/37
f 27/27/27 48/48/48 49/49/49
f 50/50/50 51/51/51 52/52/52
f 51/51/51 53/53/53 52/52/52
f 54/54/54 55/55/55 56/56/56
f 57/57/57 54/54/54 58/58/58
f 59/59/59 60/60/60 41/41/41
f 42/42/42 61/61/61 59/59/59
f 41/41/41 60/60/60 39/39/39
f 61/61/61 42/42/42 45/45/45
f 62/62/62 39/39/39 63/63/63
f 63/63/63 39/39/39 60/60/60
f 45/45/45 64/64/64 61/61/61
f 65/65/65 66/66/66 67/67/67
f 68/68/68 69/69/69 70/70/70
f 69/69/69 68/68/68 71/71/71
f 71/71/71 72/72/72 69/69/69
f 72/72/72 71/71/71 73/73/73
f 39/39/39 62/62/62 74/74/74
f 47/47/47 75/75/75 37/37/37
f 48/48/48 27/27/27 26/26/26
f 18/18/18 24/24/24 76/76/76
f 50/50/50 52/52/52 77/77/77
f 78/78/78 79/79/79 57/57/57
f 10/10/10 80/80/80 24/24/24
f 77/77/77 81/81/81 50/50/50
f 12/12/12 24/24/24 23/23/23
f 18/18/18 17/17/17 24/24/24
f 82/82/82 83/83/83 84/84/84
f 83/83/83 82/82/82 85/85/85
f 86/86/86 87/87/87 88/88/88
f 89/89/89 90/90/90 91/91/91
f 92/92/92 88/88/88 93/93/93
f 88/88/88 92/92/92 86/86/86
f 94/94/94 95/95/95 96/96/96
f 97/97/97 98/98/98 99/99/99
f 99/99/99 100/100/100 97/97/97
f 100/100/100 99/99/99 101/101/101
f 101/101/101 102/102/102 100/100/100
f 103/103/103 104/104/104 105/105/105
f 106/106/106 105/105/105 104/104/104
f 107/107/107 108/108/108 109/109/109
f 104/104/104 110/110/110 106/106/106
f 111/111/111 112/112/112 113/113/113
f 114/114/114 115/115/115 116/116/116
f 117/117/117 118/118/118 119/119/119
f 120/120/120 121/121/121 110/110/110
f 122/122/122 123/123/123 121/121/121
f 124/124/124 125/125/125 126/126/126
f 125/125/125 124/124/124 127/127/127
f 127/127/127 128/128/128 129/129/129
f 94/94/94 107/107/107 109/109/109
f 130/130/130 99/99/99 117/117/117
f 101/101/101 99/99/99 130/130/130
f 130/130/130 131/131/131 101/101/101
f 36/36/36 132/132/132 34/34/34
f 133/133/133 134/134/134 135/135/135
f 136/136/136 38/38/38 137/137/137
f 138/138/138 128/128/128 139/139/139
f 137/137/137 40/40/40 140/140/140
f 141/141/141 142/142/142 121/121/121
f 122/122/122 121/121/121 142/142/142
f 143/143/143 141/141/141 120/120/120
f 121/121/121 120/120/120 141/141/141
f 121/121/121 123/123/123 110/110/110
f 38/38/38 40/40/40 137/137/137
f 128/128/128 138/138/138 129/129/129
f 144/144/144 118/118/118 145/145/145
f 146/146/146 147/147/147 108/108/108
f 148/148/148 118/118/118 144/144/144
f 149/149/149 145/145/145 150/150/150
f 94/94/94 109/109/109 95/95/95
f 132/132/132 47/47/47 34/34/34
f 151/151/151 114/114/114 116/116/116
f 125/125/125 152/152/152 126/126/126
f 133/133/133 135/135/135 153/153/153
f 154/154/154 155/155/155 156/156/156
f 156/156/156 155/155/155 157/157/157
f 158/158/158 159/159/159 160/160/160
f 160/160/160 161/161/161 158/158/158
f 162/162/162 160/160/160 159/159/159
f 163/163/163 154/154/154 156/156/156
f 164/164/164 165/165/165 166/166/166
f 167/167/167 168/168/168 169/169/169
f 170/170/170 171/171/171 160/160/160
f 161/161/161 160/160/160 171/171/171
f 172/172/172 173/173/173 174/174/174
f 175/175/175 176/176/176 177/177/177
f 177/177/177 178/178/178 175/175/175
f 179/179/179 177/177/177 176/176/176
f 177/177/177 179/179/179 180/180/180
f 180/180/180 181/181/181 182/182/182
f 183/183/183 184/184/184 185/185/185
f 185/185/185 186/186/186 183/183/183
f 187/187/187 188/188/188 189/189/189
f 182/182/182 189/189/189 188/188/188
f 190/190/190 191/191/191 192/192/192
f 188/188/188 193/193/193 182/182/182
f 194/194/194 195/195/195 196/196/196
f 192/192/192 197/197/197 190/190/190
f 198/198/198 199/199/199 200/200/200
f 158/158/158 201/201/201 159/159/159
f 188/188/188 202/202/202 193/193/193
f 203/203/203 204/204/204 205/205/205
f 187/187/187 206/206/206 188/188/188
f 207/207/207 208/208/208 209/209/209
f 210/210/210 201/201/201 204/204/204
f 203/203/203 211/211/211 212/212/212
f 213/213/213 214/214/214 215/215/215
f 188/188/188 216/216/216 202/202/202
f 197/197/197 217/217/217 190/190/190
f 195/195/195 185/185/185 196/196/196
f 218/218/218 185/185/185 195/195/195
f 194/194/194 196/196/196 219/219/219
f 195/195/195 194/194/194 198/198/198
f 220/220/220 221/221/221 222/222/222
f 223/223/223 224/224/224 225/225/225
f 226/226/226 185/185/185 184/184/184
f 227/227/227 219/219/219 196/196/196
f 196/196/196 185/185/185 226/226/226
f 227/227/227 196/196/196 226/226/226
f 206/206/206 228/228/228 215/215/215
f 229/229/229 192/192/192 191/191/191
f 230/230/230 186/186/186 195/195/195
f 228/228/228 187/187/187 231/231/231
f 179/179/179 232/232/232 233/233/233
f 178/178/178 234/234/234 175/175/175
f 182/182/182 178/178/178 177/177/177
f 177/177/177 180/180/180 182/182/182
f 234/234/234 178/178/178 202/202/202
f 212/212/212 235/235/235 210/210/210
f 236/236/236 237/237/237 230/230/230
f 201/201/201 238/238/238 159/159/159
f 158/158/158 161/161/161 204/204/204
f 204/204/204 201/201/201 158/158/158
f 193/193/193 202/202/202 178/178/178
f 193/193/193 178/178/178 182/182/182
f 201/201/201 208/208/208 239/239/239
f 240/240/240 239/239/239 207/207/207
f 241/241/241 172/172/172 242/242/242
f 243/243/243 157/157/157 155/155/155
f 244/244/244 245/245/245 211/211/211
f 214/214/214 206/206/206 215/215/215
f 205/205/205 204/204/204 246/246/246
f 210/210/210 203/203/203 212/212/212
f 204/204/204 203/203/203 210/210/210
f 210/210/210 235/235/235 208/208/208
f 210/210/210 208/208/208 201/201/201
f 209/209/209 208/208/208 235/235/235
f 239/239/239 208/208/208 207/207/207
f 195/195/195 198/198/198 200/200/200
f 247/247/247 163/163/163 248/248/248
f 249/249/249 250/250/250 251/251/251
f 252/252/252 253/253/253 254/254/254
f 253/253/253 228/228/228 231/231/231
f 206/206/206 187/187/187 228/228/228
f 206/206/206 214/214/214 216/216/216
f 252/252/252 215/215/215 228/228/228
f 241/241/241 173/173/173 172/172/172
f 246/246/246 204/204/204 161/161/161
f 255/255/255 256/256/256 257/257/257
f 206/206/206 216/216/216 188/188/188
f 174/174/174 258/258/258 172/172/172
f 203/203/203 205/205/205 244/244/244
f 203/203/203 244/244/244 211/211/211
f 59/59/59 259/259/259 42/42/42
f 259/259/259 59/59/59 41/41/41
f 46/46/46 10/10/10 15/15/15
f 31/31/31 260/260/260 32/32/32
f 79/79/79 78/78/78 261/261/261
f 57/57/57 79/79/79 54/54/54
f 262/262/262 263/263/263 264/264/264
f 32/32/32 66/66/66 65/65/65
f 66/66/66 32/32/32 260/260/260
f 46/46/46 265/265/265 10/10/10
f 48/48/48 26/26/26 81/81/81
f 256/256/256 165/165/165 257/257/257
f 165/165/165 256/256/256 166/166/166
f 248/248/248 162/162/162 247/247/247
f 199/199/199 236/236/236 200/200/200
f 159/159/159 247/247/247 162/162/162
f 263/263/263 266/266/266 267/267/267
f 268/268/268 269/269/269 270/270/270
f 271/271/271 272/272/272 146/146/146
f 106/106/106 110/110/110 123/123/123
f 268/268/268 270/270/270 113/113/113
f 146/146/146 272/272/272 273/273/273
f 112/112/112 268/268/268 113/113/113
f 274/274/274 70/70/70 275/275/275
f 69/69/69 275/275/275 70/70/70
f 275/275/275 69/69/69 276/276/276
f 72/72/72 276/276/276 69/69/69
f 277/277/277 142/142/142 278/278/278
f 141/141/141 278/278/278 142/142/142
f 278/278/278 141/141/141 279/279/279
f 143/143/143 279/279/279 141/141/141
f 280/280/280 281/281/281 282/282/282
f 283/283/283 284/284/284 285/285/285
f 286/286/286 287/287/287 288/288/288
f 289/289/289 290/290/290 291/291/291
f 292/292/292 277/277/277 293/293/293
f 278/278/278 293/293/293 277/277/277
f 293/293/293 278/278/278 294/294/294
f 279/279/279 294/294/294 278/278/278
f 295/295/295 296/296/296 297/297/297
f 297/297/297 298/298/298 295/295/295
f 299/299/299 300/300/300 296/296/296
f 300/300/300 299/299/299 301/301/301
f 302/302/302 303/303/303 304/304/304
f 304/304/304 305/305/305 302/302/302
f 305/305/305 304/304/304 306/306/306
f 306/306/306 307/307/307 305/305/305
f 307/307/307 306/306/306 308/308/308
f 3/3/3 9/9/9 11/11/11
f 2/2/2 309/309/309 310/310/310
f 9/9/9 14/14/14 15/15/15
f 2/2/2 310/310/310 13/13/13
f 96/96/96 84/84/84 83/83/83
f 84/84/84 96/96/96 95/95/95
f 97/97/97 90/90/90 89/89/89
f 311/311/311 90/90/90 100/100/100
f 311/311/311 100/100/100 102/102/102
f 97/97/97 100/100/100 90/90/90
f 35/35/35 37/37/37 312/312/312
f 313/313/313 314/314/314 315/315/315
f 47/47/47 316/316/316 75/75/75
f 316/316/316 132/132/132 317/317/317
f 132/132/132 316/316/316 47/47/47
f 38/38/38 318/318/318 41/41/41
f 259/259/259 41/41/41 318/318/318
f 319/319/319 318/318/318 136/136/136
f 36/36/36 320/320/320 317/317/317
f 318/318/318 38/38/38 136/136/136
f 132/132/132 36/36/36 317/317/317
f 321/321/321 322/322/322 323/323/323
f 324/324/324 319/319/319 136/136/136
f 322/322/322 321/321/321 325/325/325
f 326/326/326 327/327/327 328/328/328
f 150/150/150 98/98/98 149/149/149
f 40/40/40 74/74/74 140/140/140
f 40/40/40 39/39/39 74/74/74
f 233/233/233 180/180/180 179/179/179
f 184/184/184 329/329/329 226/226/226
f 330/330/330 314/314/314 313/313/313
f 75/75/75 312/312/312 37/37/37
f 42/42/42 259/259/259 43/43/43
f 117/117/117 99/99/99 150/150/150
f 331/331/331 144/144/144 145/145/145
f 127/127/127 124/124/124 128/128/128
f 117/117/117 119/119/119 130/130/130
f 150/150/150 99/99/99 98/98/98
f 331/331/331 145/145/145 149/149/149
f 107/107/107 271/271/271 108/108/108
f 108/108/108 332/332/332 109/109/109
f 111/111/111 333/333/333 112/112/112
f 333/333/333 111/111/111 334/334/334
f 319/319/319 135/135/135 318/318/318
f 320/320/320 36/36/36 35/35/35
f 114/114/114 323/323/323 322/322/322
f 114/114/114 151/151/151 323/323/323
f 319/319/319 153/153/153 135/135/135
f 153/153/153 319/319/319 324/324/324
f 77/77/77 48/48/48 81/81/81
f 48/48/48 77/77/77 49/49/49
f 335/335/335 336/336/336 337/337/337
f 338/338/338 337/337/337 336/336/336
f 108/108/108 271/271/271 146/146/146
f 147/147/147 332/332/332 108/108/108
f 339/339/339 270/270/270 269/269/269
f 273/273/273 147/147/147 146/146/146
f 147/147/147 273/273/273 270/270/270
f 113/113/113 270/270/270 273/273/273
f 270/270/270 339/339/339 147/147/147
f 147/147/147 339/339/339 332/332/332
f 145/145/145 118/118/118 117/117/117
f 145/145/145 117/117/117 150/150/150
f 252/252/252 228/228/228 253/253/253
f 91/91/91 90/90/90 340/340/340
f 311/311/311 340/340/340 90/90/90
f 341/341/341 340/340/340 311/311/311
f 310/310/310 342/342/342 13/13/13
f 343/343/343 344/344/344 345/345/345
f 344/344/344 343/343/343 346/346/346
f 347/347/347 346/346/346 343/343/343
f 343/343/343 237/237/237 347/347/347
f 348/348/348 349/349/349 350/350/350
f 349/349/349 348/348/348 351/351/351
f 352/352/352 353/353/353 354/354/354
f 355/355/355 352/352/352 356/356/356
f 163/163/163 156/156/156 248/248/248
f 9/9/9 3/3/3 2/2/2
f 9/9/9 2/2/2 14/14/14
f 296/296/296 295/295/295 299/299/299
f 155/155/155 357/357/357 243/243/243
f 3/3/3 358/358/358 1/1/1
f 359/359/359 297/297/297 360/360/360
f 361/361/361 359/359/359 360/360/360
f 361/361/361 362/362/362 359/359/359
f 11/11/11 363/363/363 364/364/364
f 12/12/12 363/363/363 11/11/11
f 365/365/365 366/366/366 358/358/358
f 367/367/367 365/365/365 368/368/368
f 368/368/368 364/364/364 363/363/363
f 19/19/19 369/369/369 17/17/17
f 370/370/370 21/21/21 371/371/371
f 17/17/17 372/372/372 23/23/23
f 363/363/363 12/12/12 372/372/372
f 373/373/373 374/374/374 375/375/375
f 376/376/376 377/377/377 367/367/367
f 378/378/378 379/379/379 380/380/380
f 373/373/373 375/375/375 381/381/381
f 367/367/367 368/368/368 376/376/376
f 382/382/382 383/383/383 384/384/384
f 385/385/385 384/384/384 383/383/383
f 386/386/386 387/387/387 388/388/388
f 389/389/389 388/388/388 387/387/387
f 390/390/390 391/391/391 392/392/392
f 392/392/392 393/393/393 390/390/390
f 394/394/394 378/378/378 395/395/395
f 368/368/368 396/396/396 376/376/376
f 385/385/385 397/397/397 384/384/384
f 398/398/398 399/399/399 373/373/373
f 400/400/400 401/401/401 402/402/402
f 400/400/400 403/403/403 401/401/401
f 404/404/404 405/405/405 406/406/406
f 380/380/380 395/395/395 378/378/378
f 407/407/407 406/406/406 408/408/408
f 389/389/389 409/409/409 410/410/410
f 410/410/410 411/411/411 392/392/392
f 387/387/387 409/409/409 389/389/389
f 393/393/393 392/392/392 411/411/411
f 412/412/412 387/387/387 413/413/413
f 409/409/409 387/387/387 412/412/412
f 411/411/411 414/414/414 393/393/393
f 415/415/415 416/416/416 394/394/394
f 70/70/70 417/417/417 68/68/68
f 418/418/418 68/68/68 417/417/417
f 417/417/417 419/419/419 418/418/418
f 420/420/420 418/418/418 419/419/419
f 421/421/421 413/413/413 387/387/387
f 385/385/385 422/422/422 397/397/397
f 374/374/374 373/373/373 399/399/399
f 423/423/423 372/372/372 369/369/369
f 424/424/424 400/400/400 402/402/402
f 408/408/408 425/425/425 426/426/426
f 372/372/372 427/427/427 363/363/363
f 402/402/402 428/428/428 424/424/424
f 23/23/23 372/372/372 12/12/12
f 372/372/372 17/17/17 369/369/369
f 429/429/429 83/83/83 430/430/430
f 431/431/431 432/432/432 83/83/83
f 433/433/433 434/434/434 435/435/435
f 436/436/436 437/437/437 438/438/438
f 439/439/439 433/433/433 440/440/440
f 435/435/435 440/440/440 433/433/433
f 96/96/96 441/441/441 94/94/94
f 442/442/442 443/443/443 444/444/444
f 444/444/444 445/445/445 442/442/442
f 446/446/446 442/442/442 445/445/445
f 445/445/445 447/447/447 446/446/446
f 448/448/448 104/104/104 103/103/103
f 104/104/104 448/448/448 449/449/449
f 450/450/450 451/451/451 107/107/107
f 449/449/449 110/110/110 104/104/104
f 452/452/452 453/453/453 454/454/454
f 455/455/455 456/456/456 457/457/457
f 458/458/458 459/459/459 460/460/460
f 110/110/110 461/461/461 120/120/120
f 461/461/461 462/462/462 463/463/463
f 464/464/464 465/465/465 466/466/466
f 467/467/467 466/466/466 465/465/465
f 468/468/468 469/469/469 467/467/467
f 450/450/450 107/107/107 94/94/94
f 460/460/460 442/442/442 470/470/470
f 470/470/470 442/442/442 446/446/446
f 446/446/446 471/471/471 470/470/470
f 384/384/384 472/472/472 382/382/382
f 473/473/473 474/474/474 475/475/475
f 476/476/476 388/388/388 477/477/477
f 478/478/478 469/469/469 479/479/479
f 480/480/480 386/386/386 476/476/476
f 461/461/461 481/481/481 482/482/482
f 481/481/481 461/461/461 463/463/463
f 120/120/120 482/482/482 143/143/143
f 482/482/482 120/120/120 461/461/461
f 110/110/110 462/462/462 461/461/461
f 476/476/476 386/386/386 388/388/388
f 468/468/468 479/479/479 469/469/469
f 483/483/483 459/459/459 484/484/484
f 451/451/451 485/485/485 486/486/486
f 484/484/484 459/459/459 487/487/487
f 488/488/488 483/483/483 489/489/489
f 441/441/441 450/450/450 94/94/94
f 384/384/384 397/397/397 472/472/472
f 455/455/455 457/457/457 490/490/490
f 464/464/464 491/491/491 465/465/465
f 492/492/492 473/473/473 475/475/475
f 493/493/493 494/494/494 495/495/495
f 157/157/157 494/494/494 493/493/493
f 496/496/496 497/497/497 498/498/498
f 498/498/498 499/499/499 496/496/496
f 497/497/497 496/496/496 500/500/500
f 493/493/493 495/495/495 501/501/501
f 166/166/166 502/502/502 503/503/503
f 504/504/504 505/505/505 506/506/506
f 496/496/496 171/171/171 170/170/170
f 171/171/171 496/496/496 499/499/499
f 507/507/507 173/173/173 508/508/508
f 509/509/509 176/176/176 175/175/175
f 175/175/175 510/510/510 509/509/509
f 176/176/176 509/509/509 511/511/511
f 512/512/512 511/511/511 509/509/509
f 513/513/513 514/514/514 512/512/512
f 515/515/515 516/516/516 517/517/517
f 517/517/517 518/518/518 515/515/515
f 519/519/519 520/520/520 521/521/521
f 520/520/520 519/519/519 513/513/513
f 522/522/522 523/523/523 524/524/524
f 513/513/513 525/525/525 520/520/520
f 526/526/526 527/527/527 528/528/528
f 524/524/524 529/529/529 522/522/522
f 530/530/530 531/531/531 532/532/532
f 497/497/497 533/533/533 498/498/498
f 525/525/525 534/534/534 520/520/520
f 535/535/535 536/536/536 537/537/537
f 520/520/520 538/538/538 521/521/521
f 539/539/539 540/540/540 541/541/541
f 536/536/536 533/533/533 542/542/542
f 543/543/543 544/544/544 537/537/537
f 545/545/545 546/546/546 547/547/547
f 534/534/534 548/548/548 520/520/520
f 544/544/544 549/549/549 550/550/550
f 545/545/545 551/551/551 552/552/552
f 553/553/553 552/552/552 551/551/551
f 554/554/554 552/552/552 553/553/553
f 553/553/553 555/555/555 556/556/556
f 544/544/544 543/543/543 557/557/557
f 558/558/558 559/559/559 560/560/560
f 561/561/561 551/551/551 562/562/562
f 563/563/563 551/551/551 564/564/564
f 551/551/551 563/563/563 553/553/553
f 555/555/555 553/553/553 563/563/563
f 565/565/565 564/564/564 551/551/551
f 566/566/566 564/564/564 567/567/567
f 564/564/564 566/566/566 563/563/563
f 555/555/555 563/563/563 566/566/566
f 565/565/565 567/567/567 564/564/564
f 568/568/568 569/569/569 559/559/559
f 570/570/570 568/568/568 571/571/571
f 572/572/572 573/573/573 567/567/567
f 566/566/566 567/567/567 573/573/573
f 573/573/573 574/574/574 566/566/566
f 575/575/575 566/566/566 574/574/574
f 558/558/558 576/576/576 577/577/577
f 578/578/578 571/571/571 568/568/568
f 559/559/559 558/558/558 568/568/568
f 524/524/524 579/579/579 529/529/529
f 526/526/526 515/515/515 527/527/527
f 527/527/527 515/515/515 580/580/580
f 581/581/581 526/526/526 528/528/528
f 532/532/532 528/528/528 527/527/527
f 582/582/582 583/583/583 222/222/222
f 222/222/222 584/584/584 582/582/582
f 225/225/225 585/585/585 223/223/223
f 516/516/516 515/515/515 586/586/586
f 526/526/526 581/581/581 587/587/587
f 586/586/586 515/515/515 526/526/526
f 586/586/586 526/526/526 587/587/587
f 588/588/588 589/589/589 590/590/590
f 589/589/589 588/588/588 591/591/591
f 592/592/592 593/593/593 594/594/594
f 593/593/593 592/592/592 595/595/595
f 596/596/596 595/595/595 592/592/592
f 595/595/595 596/596/596 597/597/597
f 598/598/598 597/597/597 596/596/596
f 597/597/597 598/598/598 599/599/599
f 600/600/600 599/599/599 601/601/601
f 599/599/599 600/600/600 589/589/589
f 602/602/602 590/590/590 603/603/603
f 590/590/590 602/602/602 588/588/588
f 604/604/604 594/594/594 605/605/605
f 594/594/594 604/604/604 592/592/592
f 606/606/606 592/592/592 604/604/604
f 592/592/592 606/606/606 596/596/596
f 607/607/607 608/608/608 606/606/606
f 596/596/596 608/608/608 598/598/598
f 609/609/609 610/610/610 611/611/611
f 601/601/601 610/610/610 600/600/600
f 612/612/612 613/613/613 614/614/614
f 614/614/614 615/615/615 612/612/612
f 616/616/616 617/617/617 618/618/618
f 617/617/617 616/616/616 619/619/619
f 620/620/620 619/619/619 616/616/616
f 619/619/619 620/620/620 621/621/621
f 615/615/615 614/614/614 622/622/622
f 623/623/623 624/624/624 615/615/615
f 625/625/625 618/618/618 626/626/626
f 618/618/618 625/625/625 616/616/616
f 627/627/627 616/616/616 625/625/625
f 616/616/616 627/627/627 628/628/628
f 629/629/629 630/630/630 631/631/631
f 632/632/632 631/631/631 630/630/630
f 633/633/633 621/621/621 620/620/620
f 621/621/621 634/634/634 607/607/607
f 635/635/635 636/636/636 637/637/637
f 638/638/638 636/636/636 613/613/613
f 635/635/635 614/614/614 613/613/613
f 639/639/639 626/626/626 640/640/640
f 626/626/626 639/639/639 625/625/625
f 622/622/622 623/623/623 615/615/615
f 625/625/625 639/639/639 627/627/627
f 623/623/623 641/641/641 624/624/624
f 616/616/616 628/628/628 620/620/620
f 642/642/642 643/643/643 644/644/644
f 643/643/643 642/642/642 645/645/645
f 646/646/646 647/647/647 648/648/648
f 647/647/647 646/646/646 649/649/649
f 650/650/650 651/651/651 652/652/652
f 651/651/651 650/650/650 653/653/653
f 654/654/654 655/655/655 656/656/656
f 655/655/655 654/654/654 657/657/657
f 658/658/658 657/657/657 654/654/654
f 657/657/657 658/658/658 659/659/659
f 660/660/660 661/661/661 662/662/662
f 661/661/661 660/660/660 663/663/663
f 664/664/664 665/665/665 666/666/666
f 665/665/665 664/664/664 667/667/667
f 644/644/644 663/663/663 660/660/660
f 663/663/663 644/644/644 643/643/643
f 668/668/668 667/667/667 664/664/664
f 667/667/667 668/668/668 669/669/669
f 670/670/670 671/671/671 672/672/672
f 672/672/672 671/671/671 673/673/673
f 673/673/673 671/671/671 674/674/674
f 666/666/666 659/659/659 658/658/658
f 659/659/659 666/666/666 665/665/665
f 652/652/652 645/645/645 642/642/642
f 645/645/645 652/652/652 651/651/651
f 602/602/602 638/638/638 613/613/613
f 604/604/604 605/605/605 619/619/619
f 617/617/617 619/619/619 605/605/605
f 619/619/619 621/621/621 675/675/675
f 675/675/675 604/604/604 619/619/619
f 621/621/621 607/607/607 675/675/675
f 602/602/602 613/613/613 612/612/612
f 676/676/676 560/560/560 559/559/559
f 545/545/545 677/677/677 538/538/538
f 523/523/523 522/522/522 678/678/678
f 527/527/527 518/518/518 679/679/679
f 545/545/545 562/562/562 551/551/551
f 676/676/676 549/549/549 560/560/560
f 680/680/680 521/521/521 677/677/677
f 547/547/547 562/562/562 545/545/545
f 681/681/681 682/682/682 511/511/511
f 175/175/175 234/234/234 510/510/510
f 509/509/509 510/510/510 513/513/513
f 513/513/513 512/512/512 509/509/509
f 534/534/534 510/510/510 234/234/234
f 542/542/542 683/683/683 543/543/543
f 679/679/679 684/684/684 685/685/685
f 497/497/497 686/686/686 533/533/533
f 536/536/536 499/499/499 498/498/498
f 498/498/498 533/533/533 536/536/536
f 510/510/510 534/534/534 525/525/525
f 513/513/513 510/510/510 525/525/525
f 607/607/607 606/606/606 675/675/675
f 604/604/604 675/675/675 606/606/606
f 591/591/591 588/588/588 687/687/687
f 688/688/688 687/687/687 588/588/588
f 588/588/588 602/602/602 688/688/688
f 689/689/689 602/602/602 612/612/612
f 567/567/567 690/690/690 572/572/572
f 565/565/565 691/691/691 567/567/567
f 689/689/689 688/688/688 602/602/602
f 577/577/577 692/692/692 693/693/693
f 694/694/694 540/540/540 533/533/533
f 558/558/558 557/557/557 576/576/576
f 541/541/541 694/694/694 695/695/695
f 696/696/696 508/508/508 241/241/241
f 494/494/494 157/157/157 697/697/697
f 544/544/544 550/550/550 698/698/698
f 545/545/545 538/538/538 546/546/546
f 699/699/699 536/536/536 535/535/535
f 543/543/543 537/537/537 542/542/542
f 542/542/542 537/537/537 536/536/536
f 540/540/540 683/683/683 542/542/542
f 533/533/533 540/540/540 542/542/542
f 683/683/683 540/540/540 539/539/539
f 541/541/541 540/540/540 694/694/694
f 530/530/530 532/532/532 527/527/527
f 700/700/700 501/501/501 701/701/701
f 702/702/702 703/703/703 704/704/704
f 554/554/554 705/705/705 552/552/552
f 680/680/680 677/677/677 705/705/705
f 677/677/677 521/521/521 538/538/538
f 548/548/548 546/546/546 538/538/538
f 677/677/677 545/545/545 552/552/552
f 508/508/508 173/173/173 241/241/241
f 499/499/499 536/536/536 699/699/699
f 706/706/706 256/256/256 255/255/255
f 596/596/596 606/606/606 608/608/608
f 609/609/609 611/611/611 707/707/707
f 601/601/601 611/611/611 610/610/610
f 602/602/602 603/603/603 638/638/638
f 683/683/683 539/539/539 708/708/708
f 553/553/553 556/556/556 554/554/554
f 708/708/708 557/557/557 683/683/683
f 557/557/557 543/543/543 683/683/683
f 560/560/560 557/557/557 558/558/558
f 549/549/549 544/544/544 560/560/560
f 557/557/557 560/560/560 544/544/544
f 709/709/709 676/676/676 559/559/559
f 565/565/565 551/551/551 561/561/561
f 557/557/557 708/708/708 576/576/576
f 555/555/555 566/566/566 575/575/575
f 569/569/569 709/709/709 559/559/559
f 558/558/558 577/577/577 578/578/578
f 578/578/578 577/577/577 693/693/693
f 693/693/693 571/571/571 578/578/578
f 568/568/568 558/558/558 578/578/578
f 571/571/571 710/710/710 570/570/570
f 691/691/691 711/711/711 567/567/567
f 621/621/621 633/633/633 634/634/634
f 629/629/629 631/631/631 712/712/712
f 635/635/635 613/613/613 636/636/636
f 632/632/632 630/630/630 713/713/713
f 520/520/520 548/548/548 538/538/538
f 508/508/508 714/714/714 507/507/507
f 698/698/698 535/535/535 537/537/537
f 544/544/544 698/698/698 537/537/537
f 392/392/392 715/715/715 410/410/410
f 389/389/389 410/410/410 715/715/715
f 368/368/368 363/363/363 396/396/396
f 378/378/378 716/716/716 379/379/379
f 717/717/717 426/426/426 425/425/425
f 406/406/406 425/425/425 408/408/408
f 718/718/718 719/719/719 720/720/720
f 394/394/394 416/416/416 378/378/378
f 716/716/716 378/378/378 416/416/416
f 721/721/721 722/722/722 394/394/394
f 394/394/394 395/395/395 721/721/721
f 363/363/363 723/723/723 396/396/396
f 428/428/428 374/374/374 399/399/399
f 706/706/706 502/502/502 256/256/256
f 166/166/166 256/256/256 502/502/502
f 701/701/701 500/500/500 700/700/700
f 530/530/530 685/685/685 531/531/531
f 500/500/500 701/701/701 497/497/497
f 724/724/724 725/725/725 719/719/719
f 726/726/726 727/727/727 728/728/728
f 727/727/727 726/726/726 674/674/674
f 672/672/672 729/729/729 670/670/670
f 728/728/728 730/730/730 731/731/731
f 730/730/730 728/728/728 727/727/727
f 674/674/674 726/726/726 673/673/673
f 732/732/732 733/733/733 734/734/734
f 486/486/486 272/272/272 271/271/271
f 462/462/462 110/110/110 449/449/449
f 452/452/452 732/732/732 734/734/734
f 735/735/735 272/272/272 486/486/486
f 452/452/452 734/734/734 453/453/453
f 736/736/736 70/70/70 274/274/274
f 70/70/70 736/736/736 417/417/417
f 737/737/737 417/417/417 736/736/736
f 417/417/417 737/737/737 419/419/419
f 738/738/738 481/481/481 739/739/739
f 481/481/481 738/738/738 482/482/482
f 279/279/279 482/482/482 738/738/738
f 482/482/482 279/279/279 143/143/143
f 740/740/740 741/741/741 742/742/742
f 743/743/743 744/744/744 745/745/745
f 746/746/746 747/747/747 748/748/748
f 749/749/749 750/750/750 751/751/751
f 752/752/752 739/739/739 753/753/753
f 739/739/739 752/752/752 738/738/738
f 294/294/294 738/738/738 752/752/752
f 738/738/738 294/294/294 279/279/279
f 297/297/297 359/359/359 754/754/754
f 754/754/754 298/298/298 297/297/297
f 359/359/359 362/362/362 755/755/755
f 756/756/756 755/755/755 362/362/362
f 757/757/757 758/758/758 434/434/434
f 435/435/435 434/434/434 758/758/758
f 758/758/758 759/759/759 435/435/435
f 440/440/440 435/435/435 759/759/759
f 11/11/11 364/364/364 3/3/3
f 760/760/760 761/761/761 762/762/762
f 368/368/368 365/365/365 364/364/364
f 763/763/763 760/760/760 762/762/762
f 83/83/83 429/429/429 96/96/96
f 441/441/441 96/96/96 429/429/429
f 438/438/438 437/437/437 444/444/444
f 445/445/445 437/437/437 764/764/764
f 447/447/447 445/445/445 764/764/764
f 437/437/437 445/445/445 444/444/444
f 765/765/765 385/385/385 383/383/383
f 766/766/766 767/767/767 768/768/768
f 422/422/422 769/769/769 397/397/397
f 770/770/770 472/472/472 769/769/769
f 397/397/397 769/769/769 472/472/472
f 389/389/389 771/771/771 388/388/388
f 771/771/771 389/389/389 715/715/715
f 477/477/477 771/771/771 772/772/772
f 770/770/770 773/773/773 382/382/382
f 477/477/477 388/388/388 771/771/771
f 770/770/770 382/382/382 472/472/472
f 774/774/774 775/775/775 776/776/776
f 477/477/477 772/772/772 777/777/777
f 778/778/778 776/776/776 775/775/775
f 567/567/567 711/711/711 690/690/690
f 569/569/569 568/568/568 570/570/570
f 779/779/779 327/327/327 326/326/326
f 489/489/489 443/443/443 488/488/488
f 480/480/480 421/421/421 386/386/386
f 421/421/421 387/387/387 386/386/386
f 511/511/511 512/512/512 681/681/681
f 586/586/586 780/780/780 516/516/516
f 768/768/768 767/767/767 781/781/781
f 385/385/385 765/765/765 422/422/422
f 391/391/391 715/715/715 392/392/392
f 488/488/488 442/442/442 460/460/460
f 483/483/483 484/484/484 782/782/782
f 469/469/469 466/466/466 467/467/467
f 470/470/470 458/458/458 460/460/460
f 443/443/443 442/442/442 488/488/488
f 489/489/489 483/483/483 782/782/782
f 451/451/451 271/271/271 107/107/107
f 450/450/450 783/783/783 451/451/451
f 453/453/453 784/784/784 454/454/454
f 785/785/785 454/454/454 784/784/784
f 771/771/771 473/473/473 772/772/772
f 383/383/383 382/382/382 773/773/773
f 775/775/775 774/774/774 457/457/457
f 774/774/774 490/490/490 457/457/457
f 473/473/473 492/492/492 772/772/772
f 777/777/777 772/772/772 492/492/492
f 428/428/428 399/399/399 424/424/424
f 398/398/398 424/424/424 399/399/399
f 786/786/786 787/787/787 788/788/788
f 787/787/787 786/786/786 789/789/789
f 486/486/486 271/271/271 451/451/451
f 451/451/451 783/783/783 485/485/485
f 733/733/733 732/732/732 790/790/790
f 486/486/486 485/485/485 735/735/735
f 732/732/732 735/735/735 485/485/485
f 735/735/735 732/732/732 452/452/452
f 485/485/485 790/790/790 732/732/732
f 783/783/783 790/790/790 485/485/485
f 460/460/460 459/459/459 483/483/483
f 488/488/488 460/460/460 483/483/483
f 705/705/705 677/677/677 552/552/552
f 791/791/791 792/792/792 793/793/793
f 794/794/794 795/795/795 796/796/796
f 795/795/795 794/794/794 797/797/797
f 798/798/798 799/799/799 800/800/800
f 797/797/797 794/794/794 801/801/801
f 763/763/763 802/802/802 760/760/760
f 803/803/803 804/804/804 805/805/805
f 806/806/806 805/805/805 804/804/804
f 805/805/805 806/806/806 807/807/807
f 807/807/807 684/684/684 805/805/805
f 808/808/808 351/351/351 348/348/348
f 348/348/348 809/809/809 808/808/808
f 810/810/810 811/811/811 812/812/812
f 813/813/813 812/812/812 811/811/811
f 700/700/700 493/493/493 501/501/501
f 358/358/358 3/3/3 364/364/364
f 365/365/365 358/358/358 364/364/364
f 755/755/755 754/754/754 359/359/359
f 697/697/697 814/814/814 494/494/494
f 815/815/815 816/816/816 817/817/817
f 817/817/817 818/818/818 819/819/819
f 818/818/818 817/817/817 820/820/820
f 815/815/815 819/819/819 821/821/821
f 819/819/819 815/815/815 817/817/817
f 816/816/816 815/815/815 822/822/822
f 821/821/821 822/822/822 815/815/815
f 820/820/820 816/816/816 818/818/818
f 822/822/822 818/818/818 816/816/816
f 816/816/816 820/820/820 817/817/817
f 823/823/823 824/824/824 825/825/825
f 825/825/825 826/826/826 827/827/827
f 826/826/826 825/825/825 828/828/828
f 823/823/823 827/827/827 829/829/829
f 827/827/827 823/823/823 825/825/825
f 824/824/824 823/823/823 830/830/830
f 829/829/829 830/830/830 823/823/823
f 828/828/828 824/824/824 826/826/826
f 830/830/830 826/826/826 824/824/824
f 824/824/824 828/828/828 825/825/825
f 348/348/348 350/350/350 831/831/831
f 832/832/832 833/833/833 351/351/351
f 349/349/349 351/351/351 833/833/833
f 834/834/834 835/835/835 348/348/348
f 809/809/809 348/348/348 835/835/835
f 351/351/351 808/808/808 836/836/836
f 245/245/245 837/837/837 211/211/211
f 252/252/252 838/838/838 215/215/215
f 838/838/838 252/252/252 839/839/839
f 839/839/839 252/252/252 254/254/254
f 840/840/840 841/841/841 839/839/839
f 842/842/842 212/212/212 211/211/211
f 843/843/843 844/844/844 845/845/845
f 846/846/846 838/838/838 847/847/847
f 848/848/848 838/838/838 849/849/849
f 839/839/839 849/849/849 838/838/838
f 849/849/849 839/839/839 841/841/841
f 838/838/838 848/848/848 850/850/850
f 851/851/851 848/848/848 852/852/852
f 849/849/849 852/852/852 848/848/848
f 852/852/852 849/849/849 841/841/841
f 848/848/848 851/851/851 850/850/850
f 844/844/844 853/853/853 854/854/854
f 855/855/855 854/854/854 856/856/856
f 851/851/851 857/857/857 858/858/858
f 857/857/857 851/851/851 852/852/852
f 852/852/852 859/859/859 857/857/857
f 859/859/859 852/852/852 860/860/860
f 861/861/861 862/862/862 845/845/845
f 854/854/854 855/855/855 863/863/863
f 854/854/854 845/845/845 844/844/844
f 864/864/864 865/865/865 866/866/866
f 867/867/867 866/866/866 865/865/865
f 868/868/868 869/869/869 870/870/870
f 871/871/871 870/870/870 869/869/869
f 870/870/870 871/871/871 872/872/872
f 873/873/873 872/872/872 871/871/871
f 872/872/872 873/873/873 874/874/874
f 875/875/875 874/874/874 873/873/873
f 876/876/876 875/875/875 877/877/877
f 865/865/865 877/877/877 875/875/875
f 878/878/878 864/864/864 879/879/879
f 866/866/866 879/879/879 864/864/864
f 880/880/880 868/868/868 881/881/881
f 870/870/870 881/881/881 868/868/868
f 881/881/881 870/870/870 882/882/882
f 872/872/872 882/882/882 870/870/870
f 882/882/882 883/883/883 884/884/884
f 874/874/874 883/883/883 872/872/872
f 885/885/885 886/886/886 887/887/887
f 877/877/877 886/886/886 876/876/876
f 888/888/888 889/889/889 890/890/890
f 890/890/890 891/891/891 888/888/888
f 892/892/892 893/893/893 894/894/894
f 895/895/895 894/894/894 893/893/893
f 894/894/894 895/895/895 896/896/896
f 897/897/897 896/896/896 895/895/895
f 898/898/898 888/888/888 891/891/891
f 891/891/891 899/899/899 900/900/900
f 901/901/901 892/892/892 902/902/902
f 894/894/894 902/902/902 892/892/892
f 902/902/902 894/894/894 903/903/903
f 904/904/904 903/903/903 894/894/894
f 905/905/905 906/906/906 907/907/907
f 906/906/906 905/905/905 908/908/908
f 896/896/896 897/897/897 909/909/909
f 884/884/884 910/910/910 897/897/897
f 911/911/911 912/912/912 913/913/913
f 889/889/889 912/912/912 914/914/914
f 889/889/889 888/888/888 913/913/913
f 915/915/915 901/901/901 916/916/916
f 902/902/902 916/916/916 901/901/901
f 891/891/891 900/900/900 898/898/898
f 903/903/903 916/916/916 902/902/902
f 899/899/899 917/917/917 900/900/900
f 896/896/896 904/904/904 894/894/894
f 918/918/918 919/919/919 920/920/920
f 921/921/921 920/920/920 919/919/919
f 922/922/922 923/923/923 924/924/924
f 925/925/925 924/924/924 923/923/923
f 926/926/926 927/927/927 928/928/928
f 929/929/929 928/928/928 927/927/927
f 930/930/930 931/931/931 932/932/932
f 933/933/933 932/932/932 931/931/931
f 932/932/932 933/933/933 934/934/934
f 935/935/935 934/934/934 933/933/933
f 936/936/936 937/937/937 938/938/938
f 939/939/939 938/938/938 937/937/937
f 940/940/940 941/941/941 942/942/942
f 943/943/943 942/942/942 941/941/941
f 938/938/938 939/939/939 918/918/918
f 919/919/919 918/918/918 939/939/939
f 942/942/942 943/943/943 944/944/944
f 945/945/945 944/944/944 943/943/943
f 946/946/946 947/947/947 948/948/948
f 949/949/949 947/947/947 946/946/946
f 950/950/950 947/947/947 949/949/949
f 934/934/934 935/935/935 940/940/940
f 941/941/941 940/940/940 935/935/935
f 920/920/920 921/921/921 926/926/926
f 927/927/927 926/926/926 921/921/921
f 889/889/889 914/914/914 879/879/879
f 895/895/895 880/880/880 881/881/881
f 880/880/880 895/895/895 893/893/893
f 951/951/951 897/897/897 895/895/895
f 895/895/895 881/881/881 951/951/951
f 951/951/951 884/884/884 897/897/897
f 890/890/890 889/889/889 879/879/879
f 844/844/844 843/843/843 952/952/952
f 838/838/838 846/846/846 215/215/215
f 843/843/843 837/837/837 952/952/952
f 215/215/215 846/846/846 213/213/213
f 951/951/951 882/882/882 884/884/884
f 882/882/882 951/951/951 881/881/881
f 953/953/953 866/866/866 867/867/867
f 866/866/866 953/953/953 954/954/954
f 954/954/954 879/879/879 866/866/866
f 890/890/890 879/879/879 955/955/955
f 858/858/858 956/956/956 851/851/851
f 851/851/851 957/957/957 850/850/850
f 879/879/879 954/954/954 955/955/955
f 958/958/958 959/959/959 861/861/861
f 862/862/862 842/842/842 845/845/845
f 883/883/883 882/882/882 872/872/872
f 960/960/960 885/885/885 887/887/887
f 886/886/886 885/885/885 876/876/876
f 914/914/914 878/878/878 879/879/879
f 961/961/961 209/209/209 235/235/235
f 254/254/254 840/840/840 839/839/839
f 235/235/235 842/842/842 961/961/961
f 235/235/235 212/212/212 842/842/842
f 845/845/845 842/842/842 843/843/843
f 843/843/843 211/211/211 837/837/837
f 211/211/211 843/843/843 842/842/842
f 844/844/844 952/952/952 962/962/962
f 847/847/847 838/838/838 850/850/850
f 862/862/862 961/961/961 842/842/842
f 860/860/860 852/852/852 841/841/841
f 844/844/844 962/962/962 853/853/853
f 863/863/863 861/861/861 845/845/845
f 958/958/958 861/861/861 863/863/863
f 863/863/863 855/855/855 958/958/958
f 863/863/863 845/845/845 854/854/854
f 856/856/856 963/963/963 855/855/855
f 851/851/851 964/964/964 957/957/957
f 910/910/910 909/909/909 897/897/897
f 965/965/965 905/905/905 907/907/907
f 912/912/912 889/889/889 913/913/913
f 966/966/966 906/906/906 908/908/908
f 967/967/967 968/968/968 969/969/969
f 950/950/950 969/969/969 968/968/968
f 948/948/948 970/970/970 946/946/946
f 971/971/971 972/972/972 967/967/967
f 968/968/968 967/967/967 972/972/972
f 949/949/949 969/969/969 950/950/950
f 956/956/956 964/964/964 851/851/851
f 856/856/856 854/854/854 853/853/853
f 973/973/973 32/32/32 65/65/65
f 32/32/32 973/973/973 30/30/30
f 65/65/65 974/974/974 975/975/975
f 975/975/975 973/973/973 65/65/65
f 582/582/582 584/584/584 976/976/976
f 976/976/976 977/977/977 582/582/582
f 978/978/978 757/757/757 979/979/979
f 434/434/434 979/979/979 757/757/757
f 432/432/432 430/430/430 83/83/83
f 302/302/302 980/980/980 303/303/303
f 83/83/83 85/85/85 431/431/431
f 222/222/222 583/583/583 220/220/220
f 220/220/220 981/981/981 982/982/982
f 982/982/982 221/221/221 220/220/220
f 836/836/836 832/832/832 351/351/351
f 352/352/352 355/355/355 353/353/353
f 983/983/983 810/810/810 812/812/812
f 831/831/831 834/834/834 348/348/348
f 984/984/984 985/985/985 986/986/986
f 984/984/984 986/986/986 987/987/987
f 984/984/984 987/987/987 988/988/988
f 984/984/984 989/989/989 990/990/990
f 984/984/984 990/990/990 991/991/991
f 984/984/984 991/991/991 985/985/985
